company_id,year,net_profit_margin_pct,operating_profit_margin_pct,return_on_equity_pct,debt_to_equity,interest_coverage,asset_turnover,free_cash_flow_cr,capex_cr,earnings_per_share,book_value_per_share,dividend_payout_ratio_pct,total_debt_cr,cash_from_operations_cr,revenue_cagr_5yr,pat_cagr_5yr,eps_cagr_5yr,composite_quality_score
ABB,2012.0,8.77,12.22,34.9,0.0,,1.82,42.0,59.0,68.0,1657.0,25.0,0.0,101.0,,,,55.06
ABB,2014.0,8.7,11.73,34.9,0.0,,2.0,11.0,144.0,93.0,1657.0,25.0,0.0,155.0,,,,55.49
ABB,2015.0,10.0,13.63,34.9,0.0,,1.67,28.0,187.0,108.0,1657.0,29.0,0.0,215.0,,,,56.1
ABB,2016.0,9.76,13.96,34.9,0.0,138.33,1.62,172.0,77.0,120.0,1657.0,29.0,0.0,249.0,,,,55.71
ABB,2017.0,9.54,13.71,34.9,0.0,227.5,1.41,152.0,155.0,130.0,1657.0,31.0,0.0,307.0,11.92,13.82,13.84,69.09
ABB,2018.0,12.16,15.92,34.9,0.0,160.5,1.37,-62.0,215.0,189.0,1657.0,29.0,0.0,153.0,,,,57.33
ABB,2019.0,12.23,16.44,34.9,0.0,359.0,1.25,242.0,257.0,212.0,1657.0,31.0,0.0,499.0,10.08,17.84,17.92,68.41
ABB,2020.0,14.49,18.49,34.9,0.07,96.78,1.15,225.0,401.0,279.0,1657.0,90.0,175.0,626.0,12.33,20.96,20.9,73.47
ABB,2021.0,16.03,21.39,34.9,0.06,55.72,1.12,655.0,72.0,325.0,1657.0,85.0,153.0,727.0,10.52,22.06,22.05,72.51
ABB,2022.0,16.26,22.02,34.9,0.05,61.32,1.16,552.0,396.0,376.0,1657.0,73.0,152.0,948.0,11.1,23.6,23.67,74.02
ABB,2023.0,17.74,22.55,34.9,0.04,85.0,1.17,745.0,148.0,447.0,1657.0,73.0,113.0,893.0,10.16,18.8,18.79,73.81
ABB,2024.0,20.53,24.84,34.9,0.02,141.75,1.13,797.0,416.0,565.0,1657.0,73.0,83.0,1213.0,9.72,21.69,21.66,73.92
ADANIENSOL,2014.0,,,8.59,0.0,,,0.0,0.0,0.0,175.0,,0.0,0.0,,,,3.66
ADANIENSOL,2015.0,-5.34,77.1,8.59,8.96,1.42,0.01,-1899.0,1864.0,0.0,175.0,0.0,9701.0,-35.0,,,,4.4
ADANIENSOL,2016.0,16.77,87.83,8.59,3.21,2.09,0.19,728.0,816.0,3.0,175.0,0.0,8585.0,1544.0,,,,27.2
ADANIENSOL,2017.0,14.46,68.95,8.59,3.05,2.22,0.22,459.0,1730.0,4.0,175.0,0.0,8975.0,2189.0,,,,25.12
ADANIENSOL,2018.0,28.98,71.65,8.59,1.72,3.31,0.23,-994.0,3192.0,10.0,175.0,0.0,10428.0,2198.0,,,,32.85
ADANIENSOL,2019.0,7.65,38.03,8.59,2.5,2.24,0.22,-459.0,3050.0,5.0,175.0,0.0,20137.0,2591.0,,,,17.67
ADANIENSOL,2020.0,6.18,37.3,8.59,2.85,2.02,0.29,-206.0,5643.0,7.0,175.0,0.0,24246.0,5437.0,144.37,,,42.16
ADANIENSOL,2021.0,13.0,39.79,8.59,3.04,2.39,0.23,-225.0,4009.0,11.0,175.0,0.0,27095.0,3784.0,35.24,28.51,29.67,48.42
ADANIENSOL,2022.0,10.98,37.36,8.59,3.02,2.32,0.24,161.0,3936.0,11.0,175.0,0.0,29902.0,4097.0,31.38,24.33,22.42,45.91
ADANIENSOL,2023.0,9.64,33.99,8.59,2.92,2.19,0.25,-922.0,4699.0,11.0,175.0,0.0,34270.0,3777.0,27.51,2.31,1.92,44.37
ADANIENSOL,2024.0,7.2,34.39,8.59,2.93,2.28,0.28,1095.0,4943.0,10.0,175.0,0.0,37070.0,6038.0,17.85,16.43,14.87,38.74
ADANIENT,2013.0,2.63,12.98,13.64,3.24,2.23,0.41,-7124.0,14790.0,15.0,363.0,10.0,69332.0,7666.0,,,,21.26
ADANIENT,2014.0,4.82,17.08,13.64,3.03,1.85,0.47,221.0,8007.0,20.0,363.0,7.0,71980.0,8228.0,,,,24.27
ADANIENT,2015.0,3.56,19.31,13.64,3.25,1.88,0.49,-2933.0,11465.0,18.0,363.0,8.0,83571.0,8532.0,,,,22.99
ADANIENT,2016.0,2.94,4.95,13.64,1.43,2.01,0.82,3287.0,1825.0,9.0,363.0,4.0,19169.0,5112.0,,,,26.01
ADANIENT,2017.0,2.53,5.21,13.64,1.47,2.11,0.77,-686.0,1460.0,9.0,363.0,4.0,20846.0,774.0,,,,25.0
ADANIENT,2018.0,1.65,5.67,13.64,1.17,1.92,0.64,-4707.0,7649.0,7.0,363.0,6.0,17637.0,2942.0,-4.98,-13.38,-14.14,22.91
ADANIENT,2019.0,1.25,4.88,13.64,0.76,1.52,0.95,5723.0,2487.0,7.0,363.0,6.0,11243.0,3236.0,-5.98,-28.17,-18.94,26.37
ADANIENT,2020.0,2.4,5.29,13.64,0.73,2.01,0.93,1372.0,1082.0,10.0,363.0,10.0,12419.0,2454.0,-7.61,-14.66,-11.09,26.89
ADANIENT,2021.0,2.65,6.34,13.64,0.95,2.18,0.77,-4568.0,8611.0,8.0,363.0,12.0,16227.0,4043.0,3.06,0.9,-2.33,28.86
ADANIENT,2022.0,1.14,5.35,13.64,1.87,1.87,0.68,-15656.0,17041.0,7.0,363.0,14.0,41604.0,1385.0,13.7,-3.16,-4.9,39.15
ADANIENT,2023.0,1.9,6.91,13.64,1.61,2.43,0.9,2167.0,15459.0,22.0,363.0,6.0,53200.0,17626.0,28.84,32.46,25.74,50.01
ADANIENT,2024.0,3.46,11.8,13.64,1.67,2.75,0.6,-8455.0,18767.0,28.0,363.0,5.0,65310.0,10312.0,19.02,45.81,31.95,45.04
ADANIGREEN,2017.0,-9.36,80.28,14.7,3.61,1.45,0.08,-1483.0,1511.0,0.0,67.0,0.0,4347.0,28.0,,,,14.66
ADANIGREEN,2018.0,-9.32,56.96,14.7,7.36,1.6,0.09,-3779.0,4428.0,-1.0,67.0,0.0,9864.0,649.0,,,,15.27
ADANIGREEN,2019.0,-23.08,74.15,14.7,5.76,1.43,0.14,-1041.0,2666.0,-3.0,67.0,0.0,11142.0,1625.0,,,,16.53
ADANIGREEN,2020.0,-2.67,56.89,14.7,6.31,1.35,0.14,-1778.0,3743.0,0.0,67.0,0.0,14866.0,1965.0,,,,17.4
ADANIGREEN,2021.0,5.83,71.73,14.7,11.0,1.35,0.11,-7536.0,9137.0,1.0,67.0,0.0,24209.0,1601.0,,,,22.08
ADANIGREEN,2022.0,9.53,68.42,14.7,20.21,1.54,0.09,-15603.0,18730.0,3.0,67.0,0.0,52832.0,3127.0,59.2,,,50.37
ADANIGREEN,2023.0,12.51,63.91,14.7,7.42,1.94,0.12,3408.0,3857.0,6.0,67.0,0.0,54223.0,7265.0,39.35,,,54.56
ADANIGREEN,2024.0,13.67,79.37,14.7,6.6,1.71,0.1,-13347.0,21060.0,7.0,67.0,0.0,64858.0,7713.0,34.98,,,54.76
ADANIPORTS,2013.0,45.82,66.59,18.1,1.82,5.03,0.17,-3757.0,5136.0,8.0,265.0,12.0,11620.0,1379.0,,,,47.31
ADANIPORTS,2014.0,36.05,60.43,18.1,1.48,3.69,0.2,-1378.0,2510.0,8.0,265.0,12.0,12979.0,1132.0,,,,47.42
ADANIPORTS,2015.0,37.78,63.43,18.1,1.65,3.9,0.19,572.0,2485.0,11.0,265.0,10.0,17776.0,3057.0,,,,47.33
ADANIPORTS,2016.0,40.17,64.38,18.1,1.65,4.72,0.19,-1772.0,4153.0,14.0,265.0,8.0,22342.0,2381.0,,,,47.37
ADANIPORTS,2017.0,46.24,64.2,18.1,1.27,5.78,0.19,1434.0,2629.0,19.0,265.0,7.0,22214.0,4063.0,,,,47.62
ADANIPORTS,2018.0,32.59,63.21,18.1,1.07,5.07,0.24,1762.0,3846.0,18.0,265.0,11.0,22370.0,5608.0,25.92,17.62,17.61,71.51
ADANIPORTS,2019.0,37.03,60.38,18.1,1.14,5.69,0.19,1661.0,4368.0,19.0,265.0,1.0,27712.0,6029.0,17.73,18.37,18.89,67.85
ADANIPORTS,2020.0,31.88,50.09,18.1,1.19,4.04,0.19,6653.0,749.0,19.0,265.0,17.0,30242.0,7402.0,14.05,10.25,11.55,63.97
ADANIPORTS,2021.0,40.23,69.23,18.1,1.18,4.73,0.17,-6508.0,14064.0,25.0,265.0,20.0,35855.0,7556.0,12.04,12.07,12.3,61.66
ADANIPORTS,2022.0,28.93,55.66,18.1,1.15,4.47,0.17,4927.0,5493.0,23.0,265.0,22.0,47935.0,10420.0,15.2,4.89,3.9,64.69
ADANIPORTS,2023.0,25.85,52.5,18.1,1.18,4.77,0.19,-4816.0,16716.0,25.0,265.0,20.0,53434.0,11900.0,12.99,7.88,6.79,61.5
ADANIPORTS,2024.0,30.34,58.36,18.1,0.94,5.95,0.23,8250.0,6768.0,38.0,265.0,16.0,49470.0,15018.0,19.58,14.91,14.87,69.18
ADANIPOWER,2013.0,-34.29,14.35,57.1,9.74,0.69,0.12,-1063.0,4064.0,-10.0,145.0,0.0,41795.0,3001.0,,,,32.86
ADANIPOWER,2014.0,-1.9,29.96,57.1,6.75,1.14,0.26,-1462.0,4700.0,-1.0,145.0,0.0,44150.0,3238.0,,,,36.36
ADANIPOWER,2015.0,-4.37,25.04,57.1,7.82,1.21,0.32,1087.0,4737.0,-3.0,145.0,0.0,44742.0,5824.0,,,,37.17
ADANIPOWER,2016.0,2.17,34.68,57.1,7.06,1.55,0.33,2565.0,2692.0,2.0,145.0,0.0,52729.0,5257.0,,,,39.44
ADANIPOWER,2017.0,-27.3,26.44,57.1,17.49,0.39,0.32,3513.0,1212.0,-16.0,145.0,0.0,52484.0,4725.0,,,,36.49
ADANIPOWER,2018.0,-10.36,26.77,57.1,59.43,1.11,0.29,4581.0,520.0,-5.0,145.0,0.0,52835.0,5101.0,24.85,,,59.85
ADANIPOWER,2019.0,-4.12,20.86,57.1,6.09,1.31,0.35,4626.0,984.0,-3.0,145.0,0.0,46980.0,5610.0,9.28,,,48.3
ADANIPOWER,2020.0,-8.6,21.66,57.1,8.52,1.14,0.35,3294.0,2304.0,-6.0,145.0,0.0,55199.0,5598.0,7.21,,,45.25
ADANIPOWER,2021.0,4.84,33.13,57.1,4.01,2.08,0.33,4826.0,2188.0,3.0,145.0,0.0,52519.0,7014.0,0.66,18.18,8.45,44.54
ADANIPOWER,2022.0,17.73,35.66,57.1,2.66,3.37,0.34,11007.0,774.0,13.0,145.0,0.0,49145.0,10233.0,4.15,,,60.71
ADANIPOWER,2023.0,27.67,26.04,57.1,1.42,4.29,0.45,9976.0,1545.0,28.0,145.0,0.0,42350.0,8431.0,13.81,,,77.59
ADANIPOWER,2024.0,41.37,36.2,57.1,0.8,8.3,0.55,17651.0,3481.0,54.0,145.0,0.0,34616.0,14170.0,16.09,,,82.26
AMBUJACEM,2012.0,13.25,25.37,9.24,0.01,32.59,0.79,1472.0,388.0,8.0,205.0,43.0,60.0,1860.0,,,,31.93
AMBUJACEM,2013.0,13.95,18.22,9.24,0.01,30.73,0.71,771.0,496.0,8.0,205.0,44.0,48.0,1267.0,,,,31.29
AMBUJACEM,2014.0,14.94,19.43,9.24,0.0,35.65,0.72,1219.0,456.0,10.0,205.0,46.0,34.0,1675.0,,,,32.68
AMBUJACEM,2015.0,8.56,16.34,9.24,0.0,20.6,0.67,1474.0,83.0,5.0,205.0,54.0,35.0,1557.0,,,,24.81
AMBUJACEM,2016.0,7.14,15.83,9.24,0.0,23.67,0.61,-1355.0,4165.0,6.0,205.0,50.0,29.0,2810.0,,,,22.34
AMBUJACEM,2017.0,8.24,16.34,9.24,0.0,20.35,0.66,2678.0,738.0,8.0,205.0,47.0,24.0,3416.0,19.35,8.53,0.0,45.95
AMBUJACEM,2018.0,11.42,15.4,9.24,0.0,24.96,0.7,938.0,765.0,11.0,205.0,14.0,40.0,1703.0,23.24,18.39,6.58,51.83
AMBUJACEM,2019.0,10.27,16.96,9.24,0.0,30.58,0.67,3548.0,1191.0,11.0,205.0,14.0,41.0,4739.0,22.18,13.35,1.92,49.95
AMBUJACEM,2020.0,12.67,20.42,9.24,0.02,37.81,0.62,3515.0,1317.0,12.0,205.0,151.0,471.0,4832.0,21.04,30.91,19.14,51.22
AMBUJACEM,2021.0,12.81,21.44,9.24,0.02,44.26,0.64,3302.0,2007.0,14.0,205.0,45.0,477.0,5309.0,7.59,20.95,18.47,37.02
AMBUJACEM,2023.0,7.77,13.15,9.24,0.02,28.56,0.75,-13746.0,14481.0,13.0,205.0,19.0,523.0,735.0,8.38,0.34,3.4,34.11
AMBUJACEM,2024.0,14.29,19.3,9.24,0.02,28.26,0.51,-3295.0,8941.0,16.0,205.0,12.0,699.0,5646.0,4.12,11.23,7.78,34.12
APOLLOHOSP,2013.0,8.04,16.24,13.81,0.44,6.26,0.78,-290.0,733.0,22.0,522.0,25.0,1213.0,443.0,,,,31.79
APOLLOHOSP,2014.0,7.23,15.52,13.81,0.45,5.83,0.81,17.0,356.0,23.0,522.0,25.0,1344.0,373.0,,,,31.25
APOLLOHOSP,2015.0,6.53,14.37,13.81,0.63,6.64,0.79,-289.0,759.0,24.0,522.0,24.0,1992.0,470.0,,,,30.13
APOLLOHOSP,2016.0,3.82,11.12,13.81,0.85,4.31,0.84,-291.0,888.0,17.0,522.0,35.0,2834.0,597.0,,,,28.07
APOLLOHOSP,2017.0,1.81,10.12,13.81,0.94,3.09,0.9,-529.0,1152.0,16.0,522.0,38.0,3125.0,623.0,,,,26.63
APOLLOHOSP,2018.0,0.73,9.72,13.81,1.05,2.8,0.96,132.0,405.0,8.0,522.0,59.0,3427.0,537.0,16.94,-27.67,-18.32,46.18
APOLLOHOSP,2019.0,2.08,11.13,13.81,1.1,3.35,1.05,194.0,711.0,17.0,522.0,35.0,3673.0,905.0,17.16,-8.68,-5.87,48.02
APOLLOHOSP,2020.0,3.84,14.15,13.81,1.08,3.4,1.0,1004.0,289.0,33.0,522.0,18.0,3596.0,1293.0,17.0,5.22,6.58,49.38
APOLLOHOSP,2021.0,1.3,10.8,13.81,0.9,2.77,0.93,385.0,880.0,10.0,522.0,29.0,4160.0,1265.0,11.42,-10.23,-10.07,40.28
APOLLOHOSP,2022.0,7.56,14.93,13.81,0.72,6.75,1.11,949.0,747.0,73.0,522.0,16.0,4068.0,1696.0,15.11,53.27,35.47,52.19
APOLLOHOSP,2023.0,5.08,12.43,13.81,0.7,5.62,1.15,520.0,857.0,57.0,522.0,26.0,4332.0,1377.0,15.04,69.68,48.1,49.94
APOLLOHOSP,2024.0,4.91,12.56,13.81,0.77,5.57,1.14,383.0,1537.0,63.0,522.0,26.0,5333.0,1920.0,14.66,36.13,29.95,49.29
ASIANPAINT,2013.0,11.04,16.54,31.45,0.07,44.07,1.55,724.0,463.0,12.0,188.0,40.0,251.0,1187.0,,,,55.9
ASIANPAINT,2014.0,10.34,16.4,31.45,0.06,44.33,1.51,816.0,586.0,13.0,188.0,42.0,249.0,1402.0,,,,55.12
ASIANPAINT,2015.0,10.48,16.47,31.45,0.09,56.79,1.53,723.0,465.0,15.0,188.0,42.0,418.0,1188.0,,,,55.33
ASIANPAINT,2016.0,12.63,19.09,31.45,0.05,59.96,1.35,1377.0,866.0,18.0,188.0,41.0,323.0,2243.0,,,,56.76
ASIANPAINT,2017.0,13.38,19.88,31.45,0.07,90.05,1.21,846.0,681.0,20.0,188.0,51.0,560.0,1527.0,,,,56.84
ASIANPAINT,2018.0,12.47,19.04,31.45,0.06,86.34,1.22,557.0,1556.0,21.0,188.0,41.0,533.0,2113.0,9.88,12.58,11.84,67.12
ASIANPAINT,2019.0,11.48,19.57,31.45,0.14,36.72,1.18,1552.0,918.0,22.0,188.0,47.0,1320.0,2470.0,9.5,11.82,11.1,65.13
ASIANPAINT,2020.0,13.73,20.57,31.45,0.11,44.24,1.25,2520.0,518.0,28.0,188.0,43.0,1118.0,3038.0,8.22,14.22,13.3,66.17
ASIANPAINT,2021.0,14.77,22.36,31.45,0.09,56.39,1.07,3142.0,541.0,33.0,188.0,55.0,1093.0,3683.0,8.76,12.21,12.89,67.18
ASIANPAINT,2022.0,10.6,16.51,31.45,0.11,53.68,1.27,669.0,317.0,32.0,188.0,61.0,1587.0,986.0,14.08,8.88,9.86,71.17
ASIANPAINT,2023.0,12.16,18.15,31.45,0.12,46.47,1.34,2911.0,1282.0,43.0,188.0,60.0,1933.0,4193.0,15.44,14.86,15.41,74.64
ASIANPAINT,2024.0,15.66,21.37,31.45,0.13,41.0,1.19,3556.0,2548.0,57.0,188.0,58.0,2474.0,6104.0,13.03,20.28,20.97,75.23
ATGL,2018.0,11.79,26.64,20.5,1.32,3.57,0.49,,,6.0,36.0,0.0,1345.0,,,,,42.87
ATGL,2019.0,13.32,26.47,20.5,0.36,5.71,0.84,,,2.0,36.0,12.0,394.0,,,,,48.87
ATGL,2020.0,23.25,31.73,20.5,0.29,15.59,0.76,,,4.0,36.0,6.0,428.0,,,,,54.62
ATGL,2021.0,27.3,41.51,20.5,0.27,18.35,0.53,,,4.0,36.0,6.0,529.0,,,,,53.1
ATGL,2022.0,16.75,25.44,20.5,0.43,15.45,0.69,,,5.0,36.0,5.0,1035.0,,,,,50.35
ATGL,2023.0,12.47,19.87,20.5,0.48,11.85,0.78,,,5.0,36.0,5.0,1422.0,,26.08,27.51,-3.58,71.0
ATGL,2024.0,14.93,24.67,20.5,0.43,10.5,0.68,,,6.0,36.0,4.0,1557.0,,21.09,23.88,24.57,71.04
AXISBANK,2013.0,19.05,30.58,18.4,8.93,1.27,0.08,,,22.0,509.0,16.0,296254.0,,,,,40.05
AXISBANK,2014.0,20.29,31.47,18.4,8.68,1.3,0.08,,,26.0,509.0,15.0,333280.0,,,,,40.68
AXISBANK,2015.0,20.74,31.36,18.4,9.05,1.33,0.08,,,31.0,509.0,15.0,406638.0,,,,,40.99
AXISBANK,2016.0,20.06,32.61,18.4,8.82,1.43,0.08,,,35.0,509.0,14.0,472150.0,,,,,40.59
AXISBANK,2017.0,8.26,53.45,18.4,9.36,2.04,0.07,,,15.0,509.0,33.0,527437.0,,,,,28.94
AXISBANK,2018.0,0.6,63.12,18.4,9.52,2.63,0.07,,,1.0,509.0,0.0,611425.0,,10.99,-44.37,-46.11,34.41
AXISBANK,2019.0,8.51,49.39,18.4,10.5,2.07,0.07,,,18.0,509.0,6.0,711996.0,,12.41,-5.54,-7.09,44.25
AXISBANK,2020.0,2.6,55.98,18.4,9.23,2.26,0.07,,,6.0,509.0,0.0,797337.0,,12.04,-26.05,-28.0,37.21
AXISBANK,2021.0,10.4,50.12,18.4,8.21,2.59,0.06,,,22.0,509.0,0.0,850551.0,,9.1,-4.34,-8.87,41.05
AXISBANK,2022.0,19.33,44.47,18.4,8.63,1.97,0.06,,,42.0,509.0,2.0,1020943.0,,8.63,28.77,22.87,48.44
AXISBANK,2023.0,11.25,34.16,18.4,8.88,1.8,0.06,,,31.0,509.0,3.0,1152038.0,,13.22,103.28,98.73,47.78
AXISBANK,2024.0,22.73,34.69,18.4,8.25,1.69,0.07,,,81.0,509.0,1.0,1295302.0,,14.74,39.67,35.1,59.11
BAJAJ-AUTO,2013.0,15.65,18.26,26.5,0.01,4446.0,1.58,,,108.0,1109.0,42.0,116.0,,,,,59.63
BAJAJ-AUTO,2014.0,16.79,20.67,26.5,0.01,4837.0,1.32,,,117.0,1109.0,43.0,59.0,,,,,59.6
BAJAJ-AUTO,2015.0,14.01,19.12,26.5,0.01,726.0,1.35,,,105.0,1109.0,48.0,112.0,,,,,56.78
BAJAJ-AUTO,2016.0,17.99,21.23,26.5,0.01,5987.0,1.31,,,140.0,1109.0,39.0,118.0,,,,,60.26
BAJAJ-AUTO,2017.0,18.75,20.36,26.5,0.01,5897.0,1.01,,,141.0,1109.0,39.0,120.0,,,,,58.98
BAJAJ-AUTO,2018.0,16.74,19.22,26.5,0.01,6250.0,1.0,,,146.0,1109.0,41.0,121.0,,4.71,6.13,6.21,63.17
BAJAJ-AUTO,2019.0,16.23,17.12,26.5,0.01,1806.5,1.05,,,170.0,1109.0,35.0,125.0,,8.56,7.83,7.76,66.96
BAJAJ-AUTO,2020.0,17.42,17.08,26.5,0.01,2313.67,1.13,,,180.0,1109.0,67.0,126.0,,6.74,11.49,11.38,66.34
BAJAJ-AUTO,2021.0,17.51,17.8,26.5,0.0,929.71,0.83,,,168.0,1109.0,83.0,121.0,,4.21,3.64,3.71,61.64
BAJAJ-AUTO,2022.0,18.6,15.87,26.5,0.0,881.11,0.94,,,213.0,1109.0,66.0,123.0,,8.79,8.62,8.6,68.3
BAJAJ-AUTO,2023.0,16.62,17.73,26.5,0.0,204.2,1.04,,,214.0,1109.0,65.0,124.0,,7.66,7.51,7.95,65.91
BAJAJ-AUTO,2024.0,17.18,19.53,26.5,0.07,174.42,1.14,,,276.0,1109.0,29.0,1912.0,,8.13,9.36,10.18,67.65
BAJAJFINSV,2013.0,27.49,48.8,11.72,1.67,3.27,0.12,,,10.0,428.0,2.0,12991.0,,,,,34.44
BAJAJFINSV,2014.0,36.38,74.56,11.72,2.09,2.88,0.08,,,10.0,428.0,2.0,19507.0,,,,,34.05
BAJAJFINSV,2015.0,21.25,48.62,11.72,2.37,2.47,0.13,,,11.0,428.0,2.0,26312.0,,,,,32.63
BAJAJFINSV,2016.0,13.51,32.82,11.72,2.65,2.34,0.2,,,12.0,428.0,1.0,36062.0,,,,,27.9
BAJAJFINSV,2017.0,14.08,35.55,11.72,2.99,2.34,0.19,,,14.0,428.0,1.0,48282.0,,,,,28.3
BAJAJFINSV,2018.0,12.71,32.83,11.72,3.21,2.38,0.2,,,17.0,428.0,1.0,65695.0,,32.47,13.53,11.2,51.52
BAJAJFINSV,2019.0,12.61,35.29,11.72,4.2,2.26,0.2,,,20.0,428.0,1.0,99754.0,,47.89,19.66,14.87,51.89
BAJAJFINSV,2020.0,11.03,33.59,11.72,4.06,1.92,0.22,,,21.0,428.0,2.0,127212.0,,36.82,20.0,13.81,50.3
BAJAJFINSV,2021.0,12.16,32.42,11.72,3.59,2.12,0.22,,,28.0,428.0,1.0,128461.0,,24.16,21.56,18.47,50.26
BAJAJFINSV,2022.0,12.15,31.36,11.72,4.0,2.23,0.21,,,29.0,428.0,1.0,161179.0,,22.79,19.23,15.68,49.87
BAJAJFINSV,2023.0,14.88,36.39,11.72,4.57,2.41,0.2,,,40.0,428.0,2.0,212265.0,,20.09,23.93,18.66,51.67
BAJAJFINSV,2024.0,14.13,37.04,11.72,4.79,2.2,0.21,,,51.0,428.0,2.0,288933.0,,20.97,23.75,20.59,51.41
BAJAJHLDNG,2013.0,550.74,95.55,14.8,0.0,,0.03,,,167.0,5375.0,15.0,0.0,,,,,37.55
BAJAJHLDNG,2014.0,469.98,94.56,14.8,0.0,,0.03,,,179.0,5375.0,17.0,0.0,,,,,37.5
BAJAJHLDNG,2015.0,387.21,92.37,14.8,0.0,,0.04,,,182.0,5375.0,19.0,0.0,,,,,37.53
BAJAJHLDNG,2016.0,481.91,91.28,14.8,0.0,,0.03,,,204.0,5375.0,16.0,0.0,,,,,37.53
BAJAJHLDNG,2017.0,293.71,74.58,14.8,0.0,,0.05,,,222.0,5375.0,15.0,0.0,,,,,37.62
BAJAJHLDNG,2018.0,632.14,84.52,14.8,0.0,,0.02,,,239.0,5375.0,17.0,0.0,,4.5,7.42,7.43,42.69
BAJAJHLDNG,2019.0,707.19,80.51,14.8,0.0,,0.02,,,274.0,5375.0,12.0,0.0,,0.38,8.92,8.89,39.59
BAJAJHLDNG,2020.0,708.05,69.2,14.8,0.01,258.38,0.01,,,269.0,5375.0,15.0,168.0,,-3.65,8.71,8.13,38.37
BAJAJHLDNG,2021.0,799.56,77.02,14.8,0.0,950.75,0.01,,,328.0,5375.0,12.0,136.0,,-0.56,10.04,9.96,39.09
BAJAJHLDNG,2022.0,852.48,75.83,14.8,0.0,1421.0,0.01,,,364.0,5375.0,32.0,114.0,,-10.48,10.78,10.4,37.66
BAJAJHLDNG,2023.0,947.51,72.8,14.8,0.0,721.86,0.01,,,436.0,5375.0,28.0,93.0,,4.44,13.25,12.78,42.66
BAJAJHLDNG,2024.0,432.73,91.77,14.8,0.0,3764.5,0.03,,,653.0,5375.0,20.0,63.0,,31.61,19.3,18.97,61.78
BAJFINANCE,2015.0,16.65,32.49,22.1,5.55,68.35,0.16,,,18.0,1402.0,10.0,26655.0,,,,,44.77
BAJFINANCE,2016.0,17.52,32.25,22.1,4.99,68.03,0.16,,,24.0,1402.0,10.0,37025.0,,,,,45.43
BAJFINANCE,2017.0,18.42,32.6,22.1,5.13,149.05,0.16,,,33.0,1402.0,11.0,49250.0,,,,,45.88
BAJFINANCE,2018.0,19.58,32.28,22.1,4.2,414.6,0.15,,,43.0,1402.0,9.0,66557.0,,,,,46.17
BAJFINANCE,2019.0,21.61,29.5,22.1,5.16,422.15,0.15,,,69.0,1402.0,9.0,101588.0,,,,,47.37
BAJFINANCE,2020.0,19.96,34.73,22.1,4.02,1020.89,0.16,,,87.0,1402.0,11.0,129806.0,,37.37,42.43,37.04,71.43
BAJFINANCE,2021.0,16.57,40.64,22.1,3.57,3621.0,0.16,,,73.0,1402.0,14.0,131634.0,,29.59,28.15,24.92,68.64
BAJFINANCE,2022.0,22.21,37.55,22.1,3.78,-700.65,0.15,,,116.0,1402.0,17.0,165232.0,,25.98,30.8,28.58,71.37
BAJFINANCE,2023.0,27.79,30.65,22.1,3.99,-2546.4,0.15,,,190.0,1402.0,16.0,216690.0,,26.58,35.75,34.6,73.29
BAJFINANCE,2024.0,26.29,29.29,22.1,3.82,2689.17,0.15,,,233.0,1402.0,15.0,293346.0,,24.35,29.32,27.56,72.73
BANKBARODA,2013.0,13.25,30.05,16.7,15.3,2.43,0.07,,,23.0,231.0,19.0,509192.0,,,,,31.07
BANKBARODA,2014.0,12.45,29.78,16.7,16.3,2.17,0.06,,,23.0,231.0,19.0,616973.0,,,,,29.49
BANKBARODA,2015.0,8.79,29.98,16.7,15.84,2.47,0.06,,,18.0,231.0,18.0,665483.0,,,,,25.79
BANKBARODA,2016.0,-10.99,55.44,16.7,14.6,4.23,0.07,,,-22.0,231.0,0.0,620536.0,,,,,16.7
BANKBARODA,2017.0,4.17,43.28,16.7,15.06,2.42,0.06,,,8.0,231.0,15.0,648499.0,,,,,20.53
BANKBARODA,2018.0,-3.99,56.65,16.7,14.44,3.26,0.06,,,-7.0,231.0,0.0,672311.0,,4.79,,,22.24
BANKBARODA,2019.0,2.2,48.79,16.7,13.35,3.27,0.06,,,4.0,231.0,0.0,734456.0,,5.51,-25.37,-29.52,24.67
BANKBARODA,2020.0,1.24,51.44,16.7,14.05,3.33,0.07,,,2.0,231.0,0.0,1068981.0,,11.93,-24.31,-35.56,32.83
BANKBARODA,2021.0,2.18,51.23,16.7,12.95,2.59,0.06,,,3.0,231.0,0.0,1067173.0,,10.16,,,30.53
BANKBARODA,2022.0,10.81,51.12,16.7,12.9,2.61,0.05,,,15.0,231.0,19.0,1185331.0,,10.54,33.73,13.4,39.87
BANKBARODA,2023.0,15.88,40.45,16.7,12.78,2.35,0.06,,,29.0,231.0,19.0,1342592.0,,15.46,,,52.02
BANKBARODA,2024.0,15.94,37.49,16.7,12.14,1.9,0.07,,,36.0,231.0,21.0,1453761.0,,17.48,74.51,55.18,54.44
BEL,2013.0,14.52,10.66,26.3,4.0,184.43,139.4,,,1.0,24.0,20.0,24.0,,,,,60.47
BEL,2014.0,14.61,14.19,26.3,3.0,194.71,141.7,,,1.0,24.0,20.0,21.0,,,,,60.67
BEL,2015.0,16.88,16.62,26.3,3.71,240.86,144.76,,,2.0,24.0,20.0,26.0,,,,,63.12
BEL,2016.0,18.18,18.94,26.3,2.08,196.6,141.42,,,2.0,24.0,31.0,25.0,,,,,63.78
BEL,2017.0,17.59,20.7,26.3,1.93,122.89,112.42,,,2.0,24.0,33.0,29.0,,,,,63.33
BEL,2018.0,13.76,19.6,26.3,1.55,372.5,85.96,,,2.0,24.0,34.0,48.0,,10.64,9.45,14.87,71.99
BEL,2019.0,15.51,23.91,26.3,0.96,186.38,96.54,,,3.0,24.0,44.0,47.0,,13.29,14.66,24.57,77.66
BEL,2020.0,14.07,21.28,26.3,0.8,357.25,106.3,,,3.0,24.0,37.0,44.0,,12.83,8.8,8.45,75.27
BEL,2021.0,14.88,22.78,26.3,0.83,333.9,92.82,,,3.0,24.0,46.0,49.0,,13.92,9.45,8.45,77.35
BEL,2022.0,15.62,21.76,26.3,0.84,397.33,94.28,,,3.0,24.0,46.0,58.0,,12.17,9.52,8.45,76.15
BEL,2023.0,16.84,23.06,26.3,0.52,230.05,123.15,,,4.0,24.0,44.0,39.0,,11.26,15.85,14.87,76.6
BEL,2024.0,19.66,24.92,26.3,0.51,476.75,125.89,,,5.0,24.0,40.0,43.0,,10.75,16.13,10.76,77.27
BHARTIARTL,2013.0,2.95,29.84,14.9,1.33,5.34,0.49,,,4.0,153.0,17.0,66736.0,,,,,25.2
BHARTIARTL,2014.0,3.52,30.88,14.9,1.27,5.0,0.47,,,5.0,153.0,26.0,75896.0,,,,,25.77
BHARTIARTL,2015.0,5.25,34.97,14.9,2.1,7.84,0.53,,,8.0,153.0,33.0,83415.0,,,,,28.1
BHARTIARTL,2016.0,7.14,35.2,14.9,1.51,4.55,0.43,,,11.0,153.0,9.0,100646.0,,,,,29.19
BHARTIARTL,2017.0,4.44,37.01,14.9,1.59,3.88,0.41,,,7.0,153.0,11.0,107288.0,,,,,26.26
BHARTIARTL,2018.0,2.64,36.4,14.9,1.6,3.41,0.33,,,2.0,153.0,194.0,111334.0,,1.44,-0.74,-12.94,26.09
BHARTIARTL,2019.0,2.09,31.89,14.9,1.76,2.85,0.29,,,1.0,153.0,244.0,125428.0,,-1.21,-10.98,-27.52,23.58
BHARTIARTL,2020.0,-35.03,41.82,14.9,1.92,-0.08,0.24,,,-55.0,153.0,-3.0,148228.0,,-1.85,,,20.0
BHARTIARTL,2021.0,-12.29,45.0,14.9,2.76,2.72,0.29,,,-26.0,153.0,0.0,162785.0,,0.83,,,21.91
BHARTIARTL,2022.0,7.13,49.37,14.9,2.55,3.74,0.32,,,7.0,153.0,39.0,169678.0,,4.07,14.39,0.0,32.43
BHARTIARTL,2023.0,8.83,51.22,14.9,2.91,3.75,0.31,,,15.0,153.0,27.0,226020.0,,10.98,41.27,49.63,43.09
BHARTIARTL,2024.0,5.71,52.2,14.9,2.61,3.31,0.34,,,13.0,153.0,62.0,215592.0,,13.17,38.36,67.03,43.17
BHEL,2013.0,13.69,19.39,1.05,0.09,82.93,0.68,,,18.0,70.0,20.0,2698.0,,,,,26.39
BHEL,2014.0,8.85,11.57,1.05,0.14,46.59,0.53,,,10.0,70.0,20.0,4693.0,,,,,19.88
BHEL,2015.0,4.63,6.84,1.05,0.06,36.54,0.44,,,4.0,70.0,20.0,1889.0,,,,,14.46
BHEL,2016.0,-2.77,-5.32,1.05,0.01,0.38,0.39,,,-2.0,70.0,-14.0,211.0,,,,,9.75
BHEL,2017.0,1.6,3.85,1.05,0.0,4.47,0.46,,,1.0,70.0,85.0,156.0,,,,,11.55
BHEL,2018.0,1.52,5.73,1.05,0.0,7.07,0.45,,,1.0,70.0,151.0,110.0,,-10.03,-42.03,-43.9,11.54
BHEL,2019.0,3.29,6.68,1.05,0.08,7.13,0.47,,,3.0,70.0,69.0,2598.0,,-5.11,-22.14,-21.4,13.8
BHEL,2020.0,-6.84,-0.62,1.05,0.18,0.75,0.36,,,-4.0,70.0,0.0,5080.0,,-7.28,,,9.45
BHEL,2021.0,-15.6,-17.62,1.05,0.19,-5.69,0.31,,,-8.0,70.0,0.0,4951.0,,-7.46,,,8.11
BHEL,2022.0,2.1,3.9,1.05,0.18,2.75,0.37,,,1.0,70.0,31.0,4830.0,,-5.71,-0.44,0.0,11.8
BHEL,2023.0,2.8,4.47,1.05,0.22,2.59,0.41,,,2.0,70.0,21.0,5454.0,,-4.11,8.35,14.87,12.99
BHEL,2024.0,1.18,2.98,1.05,0.36,1.59,0.4,,,1.0,70.0,31.0,8856.0,,-4.73,-22.4,-19.73,11.46
BOSCHLTD,2012.0,11.06,15.59,16.0,0.04,286.5,1.1,,,305.0,4319.0,20.0,230.0,,,,,41.72
BOSCHLTD,2013.0,10.11,14.72,16.0,0.03,,0.98,,,282.0,4319.0,20.0,183.0,,,,,40.09
BOSCHLTD,2015.0,11.07,16.39,16.0,0.02,179.86,1.16,,,426.0,4319.0,20.0,111.0,,,,,42.21
BOSCHLTD,2016.0,15.78,19.36,16.0,0.01,192.38,0.78,,,488.0,4319.0,17.0,50.0,,,,,44.38
BOSCHLTD,2017.0,16.68,18.81,16.0,0.0,106.48,0.88,,,570.0,4319.0,29.0,0.0,,3.8,12.69,13.32,50.45
BOSCHLTD,2018.0,11.73,17.9,16.0,0.0,837.0,0.84,,,449.0,4319.0,22.0,0.0,,5.95,9.15,9.75,46.93
BOSCHLTD,2019.0,13.22,17.82,16.0,0.0,211.85,0.95,,,542.0,4319.0,19.0,0.0,,,,,43.17
BOSCHLTD,2020.0,6.6,15.07,16.0,0.01,137.8,0.74,,,220.0,4319.0,48.0,74.0,,-4.02,-13.45,-12.38,34.15
BOSCHLTD,2021.0,4.96,11.97,16.0,0.01,65.86,0.66,,,164.0,4319.0,70.0,54.0,,0.04,-20.64,-19.59,32.54
BOSCHLTD,2022.0,10.33,12.41,16.0,0.01,63.9,0.76,,,413.0,4319.0,51.0,73.0,,2.46,-6.91,-6.24,41.35
BOSCHLTD,2023.0,9.54,12.12,16.0,0.0,190.08,0.92,,,483.0,4319.0,99.0,53.0,,5.01,0.76,1.47,44.67
BOSCHLTD,2024.0,14.89,12.52,16.0,0.0,71.78,0.96,,,844.0,4319.0,44.0,39.0,,6.72,9.28,9.26,52.42
BPCL,2013.0,0.8,2.77,41.9,1.98,3.26,3.04,,,4.0,178.0,42.0,33157.0,,,,,48.79
BPCL,2014.0,1.53,3.56,41.9,1.71,5.43,2.99,,,9.0,178.0,31.0,33152.0,,,,,49.28
BPCL,2015.0,2.09,4.03,41.9,1.13,10.08,2.81,,,11.0,178.0,34.0,25492.0,,,,,49.64
BPCL,2016.0,4.31,6.91,41.9,0.84,21.89,2.17,,,19.0,178.0,25.0,23388.0,,,,,51.45
BPCL,2017.0,4.72,6.85,41.9,1.16,23.71,1.84,,,20.0,178.0,49.0,35725.0,,,,,51.31
BPCL,2018.0,4.15,6.49,41.9,1.03,15.38,1.96,,,21.0,178.0,46.0,37659.0,,-0.52,38.29,39.33,52.54
BPCL,2019.0,2.86,5.07,41.9,1.16,10.25,2.18,,,18.0,178.0,48.0,44839.0,,2.44,16.04,14.87,53.14
BPCL,2020.0,1.29,3.15,41.9,1.79,3.93,1.89,,,7.0,178.0,106.0,65476.0,,3.24,-6.32,-8.64,51.9
BPCL,2021.0,7.52,9.12,41.9,1.02,16.54,1.43,,,37.0,178.0,102.0,54532.0,,4.15,16.45,14.26,57.89
BPCL,2022.0,3.37,5.52,41.9,1.24,9.24,1.85,,,27.0,178.0,29.0,64534.0,,11.5,4.21,6.19,63.74
BPCL,2023.0,0.45,2.3,41.9,1.3,3.45,2.52,,,5.0,178.0,40.0,69376.0,,14.94,-26.29,-24.95,66.56
BPCL,2024.0,5.99,9.84,41.9,0.72,11.36,2.21,,,62.0,178.0,33.0,54599.0,,8.48,25.79,28.06,62.55
BRITANNIA,2013.0,4.2,6.81,57.1,0.68,11.54,3.28,,,11.0,133.0,39.0,380.0,,,,,53.09
BRITANNIA,2014.0,5.71,9.07,57.1,0.19,82.62,3.28,,,16.0,133.0,36.0,150.0,,,,,54.82
BRITANNIA,2015.0,8.77,11.07,57.1,0.12,274.5,2.81,,,29.0,133.0,28.0,145.0,,,,,58.11
BRITANNIA,2016.0,9.82,14.58,57.1,0.06,267.8,2.4,,,34.0,133.0,29.0,131.0,,,,,59.02
BRITANNIA,2017.0,9.77,14.12,57.1,0.05,285.8,2.2,,,37.0,133.0,30.0,125.0,,,,,58.72
BRITANNIA,2018.0,10.13,15.14,57.1,0.06,208.38,1.91,,,42.0,133.0,30.0,201.0,,9.9,31.02,30.73,70.05
BRITANNIA,2019.0,10.45,15.67,57.1,0.04,215.33,1.77,,,48.0,133.0,31.0,156.0,,9.84,23.94,24.57,69.84
BRITANNIA,2020.0,12.02,15.89,57.1,0.35,27.35,1.48,,,58.0,133.0,60.0,1538.0,,8.1,15.14,14.87,68.22
BRITANNIA,2021.0,14.09,19.1,57.1,0.6,25.42,1.64,,,77.0,133.0,204.0,2122.0,,9.36,17.54,17.76,72.71
BRITANNIA,2022.0,10.72,15.57,57.1,0.97,16.83,1.88,,,63.0,133.0,89.0,2481.0,,9.32,11.37,11.23,69.64
BRITANNIA,2023.0,14.21,17.37,57.1,0.85,20.28,1.74,,,96.0,133.0,75.0,2997.0,,10.46,18.2,17.98,74.81
BRITANNIA,2024.0,12.73,18.89,57.1,0.52,20.6,1.85,,,89.0,133.0,83.0,2065.0,,8.69,13.06,13.14,70.81
CANBK,2013.0,8.79,21.18,17.9,14.94,2.18,0.08,,,12.0,102.0,19.0,376040.0,,,,,28.97
CANBK,2014.0,6.75,24.35,17.9,14.84,2.32,0.08,,,10.0,102.0,19.0,447913.0,,,,,26.29
CANBK,2015.0,6.69,23.51,17.9,15.37,2.18,0.08,,,11.0,102.0,17.0,499488.0,,,,,26.21
CANBK,2016.0,-5.76,40.38,17.9,15.63,3.37,0.08,,,-9.0,102.0,0.0,506712.0,,,,,19.57
CANBK,2017.0,3.4,37.85,17.9,15.42,2.0,0.07,,,5.0,102.0,4.0,534858.0,,,,,22.27
CANBK,2018.0,-9.37,61.87,17.9,15.28,3.45,0.07,,,-11.0,102.0,0.0,563756.0,,3.95,,,23.0
CANBK,2019.0,1.45,56.73,17.9,16.99,2.74,0.07,,,2.0,102.0,0.0,640166.0,,3.92,-23.59,-27.52,24.73
CANBK,2020.0,-3.86,53.88,17.9,16.22,2.27,0.07,,,-4.0,102.0,0.0,668170.0,,2.58,,,22.63
CANBK,2021.0,4.21,61.83,17.9,17.0,1.88,0.06,,,4.0,102.0,0.0,1060998.0,,9.79,,,33.63
CANBK,2022.0,8.72,58.39,17.9,16.19,1.74,0.06,,,7.0,102.0,19.0,1132626.0,,11.24,34.27,6.96,41.08
CANBK,2023.0,13.21,49.8,17.9,15.85,1.69,0.06,,,12.0,102.0,19.0,1237160.0,,15.74,,,51.12
CANBK,2024.0,13.94,41.75,17.9,14.87,1.61,0.07,,,17.0,102.0,19.0,1369780.0,,18.18,85.78,53.42,54.54
CHOLAFIN,2013.0,11.98,26.77,20.2,7.82,706.0,0.14,,,4.0,255.0,16.0,15269.0,,,,,37.92
CHOLAFIN,2014.0,11.22,28.42,20.2,7.9,950.0,0.15,,,5.0,255.0,14.0,18075.0,,,,,37.35
CHOLAFIN,2015.0,11.95,28.56,20.2,7.46,,0.16,,,6.0,255.0,11.0,19950.0,,,,,38.28
CHOLAFIN,2016.0,13.64,30.04,20.2,6.14,643.5,0.15,,,7.0,255.0,12.0,22546.0,,,,,39.92
CHOLAFIN,2017.0,15.3,28.16,20.2,5.6,448.67,0.15,,,9.0,255.0,12.0,24071.0,,,,,41.83
CHOLAFIN,2018.0,16.51,26.1,20.2,7.48,,0.13,,,12.0,255.0,11.0,38330.0,,16.68,24.41,24.57,62.19
CHOLAFIN,2019.0,16.84,22.96,20.2,8.15,1659.0,0.12,,,15.0,255.0,8.0,50567.0,,16.74,26.6,24.57,62.34
CHOLAFIN,2020.0,12.1,27.79,20.2,6.71,,0.14,,,13.0,255.0,13.0,55005.0,,18.59,18.88,16.72,59.19
CHOLAFIN,2021.0,15.87,30.4,20.2,6.64,52.41,0.13,,,19.0,255.0,11.0,63730.0,,17.86,21.48,22.1,62.78
CHOLAFIN,2022.0,21.23,28.83,20.2,5.88,35.18,0.12,,,26.0,255.0,8.0,69174.0,,16.67,24.57,23.64,64.6
CHOLAFIN,2023.0,20.68,28.1,20.2,6.79,16.58,0.11,,,32.0,255.0,6.0,97358.0,,18.31,23.76,21.67,65.44
CHOLAFIN,2024.0,17.85,28.1,20.2,6.86,21.21,0.12,,,41.0,255.0,5.0,134475.0,,21.94,23.36,22.28,66.33
CIPLA,2013.0,18.66,73.26,16.8,0.11,24.87,0.71,,,19.0,351.0,10.0,967.0,,,,,46.43
CIPLA,2014.0,13.8,78.9,16.8,0.12,32.06,0.76,,,17.0,351.0,12.0,1248.0,,,,,42.69
CIPLA,2015.0,10.83,80.94,16.8,0.16,56.11,0.72,,,15.0,351.0,14.0,1703.0,,,,,38.98
CIPLA,2016.0,10.03,82.02,16.8,0.45,54.46,0.66,,,17.0,351.0,12.0,5202.0,,,,,37.18
CIPLA,2017.0,7.19,82.66,16.8,0.33,57.28,0.69,,,13.0,351.0,16.0,4113.0,,,,,34.49
CIPLA,2018.0,9.35,81.35,16.8,0.29,44.1,0.67,,,18.0,351.0,17.0,4098.0,,12.86,-1.71,-1.08,52.15
CIPLA,2019.0,9.12,81.07,16.8,0.29,27.85,0.69,,,19.0,351.0,16.0,4316.0,,9.97,1.22,2.25,48.21
CIPLA,2020.0,8.76,81.29,16.8,0.18,40.54,0.73,,,19.0,351.0,21.0,2816.0,,8.59,4.07,4.84,46.39
CIPLA,2021.0,12.47,77.8,16.8,0.11,56.12,0.77,,,30.0,351.0,17.0,2014.0,,6.8,11.55,12.03,48.95
CIPLA,2022.0,11.7,79.08,16.8,0.05,174.06,0.81,,,31.0,351.0,16.0,1056.0,,8.62,19.73,18.98,50.59
CIPLA,2023.0,12.45,77.91,16.8,0.03,60.57,0.78,,,35.0,351.0,24.0,803.0,,8.47,14.86,14.22,50.79
CIPLA,2024.0,16.12,75.59,16.8,0.02,35.34,0.79,,,51.0,351.0,25.0,559.0,,9.51,22.73,21.83,56.74
COALINDIA,2013.0,25.41,73.52,52.0,0.03,5.74,0.62,,,27.0,156.0,51.0,1305.0,,,,,60.84
COALINDIA,2014.0,21.4,74.84,52.0,0.0,7.37,0.67,,,24.0,156.0,121.0,178.0,,,,,60.21
COALINDIA,2015.0,18.52,76.6,52.0,0.01,8.65,0.67,,,22.0,156.0,95.0,408.0,,,,,58.68
COALINDIA,2016.0,18.32,75.96,52.0,0.03,9.96,0.69,,,23.0,156.0,121.0,1199.0,,,,,58.96
COALINDIA,2017.0,11.87,84.07,52.0,0.12,12.36,0.66,,,15.0,156.0,133.0,3014.0,,,,,52.0
COALINDIA,2018.0,8.26,89.1,52.0,0.08,15.27,0.68,,,11.0,156.0,146.0,1538.0,,4.53,-16.52,-16.44,53.95
COALINDIA,2019.0,17.54,74.89,52.0,0.08,12.79,0.75,,,28.0,156.0,46.0,2210.0,,7.12,2.94,3.13,67.08
COALINDIA,2020.0,17.38,77.54,52.0,0.2,11.56,0.64,,,27.0,156.0,44.0,6434.0,,5.33,4.0,4.18,63.46
COALINDIA,2021.0,14.11,79.31,52.0,0.16,19.09,0.56,,,21.0,156.0,78.0,5884.0,,2.95,-2.3,-1.8,57.2
COALINDIA,2022.0,15.84,77.47,52.0,0.08,21.99,0.61,,,28.0,156.0,60.0,3514.0,,7.02,13.37,13.3,63.54
COALINDIA,2023.0,22.95,68.01,52.0,0.07,14.34,0.62,,,52.0,156.0,47.0,4331.0,,10.15,35.14,36.43,71.99
COALINDIA,2024.0,26.26,66.29,52.0,0.08,11.24,0.6,,,61.0,156.0,42.0,6523.0,,7.4,16.43,16.85,68.94
DABUR,2013.0,12.48,16.16,19.2,0.55,18.51,1.3,,,4.0,59.0,34.0,1151.0,,,,,49.56
DABUR,2014.0,12.98,16.46,19.2,0.27,23.85,1.33,,,5.0,59.0,33.0,708.0,,,,,50.31
DABUR,2015.0,13.7,16.93,19.2,0.22,36.85,1.28,,,6.0,59.0,33.0,734.0,,,,,50.74
DABUR,2016.0,16.12,19.51,19.2,0.19,36.15,1.12,,,7.0,59.0,32.0,805.0,,,,,52.57
DABUR,2017.0,16.81,19.86,19.2,0.2,33.48,0.98,,,7.0,59.0,31.0,975.0,,,,,52.4
DABUR,2018.0,17.59,20.94,19.2,0.16,36.0,0.89,,,8.0,59.0,81.0,938.0,,4.69,12.13,14.87,57.72
DABUR,2019.0,16.98,20.43,19.2,0.12,32.7,1.01,,,8.0,59.0,34.0,699.0,,3.82,9.56,9.86,56.93
DABUR,2020.0,16.67,20.63,19.2,0.08,39.94,0.93,,,8.0,59.0,37.0,522.0,,2.19,6.28,5.92,54.97
DABUR,2021.0,17.73,20.94,19.2,0.07,75.06,0.88,,,10.0,59.0,50.0,509.0,,4.21,6.21,7.39,57.1
DABUR,2022.0,16.0,20.68,19.2,0.12,65.64,0.89,,,10.0,59.0,53.0,1030.0,,7.42,6.36,7.39,58.95
DABUR,2023.0,14.75,18.75,19.2,0.13,33.42,0.84,,,10.0,59.0,54.0,1174.0,,8.35,4.61,4.56,58.06
DABUR,2024.0,14.6,19.35,19.2,0.14,23.24,0.82,,,10.0,59.0,53.0,1365.0,,7.81,4.6,4.56,56.87
DIVISLAB,2013.0,28.07,38.04,12.2,0.01,287.0,0.68,,,23.0,517.0,33.0,33.0,,,,,42.97
DIVISLAB,2014.0,30.53,40.21,12.2,0.01,362.0,0.68,,,29.0,517.0,34.0,18.0,,,,,43.55
DIVISLAB,2015.0,27.35,37.66,12.2,0.01,403.67,0.71,,,32.0,517.0,31.0,27.0,,,,,43.22
DIVISLAB,2016.0,29.82,37.69,12.2,0.01,303.2,0.77,,,42.0,517.0,24.0,42.0,,,,,44.82
DIVISLAB,2017.0,26.08,35.68,12.2,0.01,507.33,0.66,,,40.0,517.0,25.0,36.0,,,,,42.02
DIVISLAB,2018.0,22.54,32.61,12.2,0.01,688.0,0.57,,,33.0,517.0,30.0,63.0,,12.65,7.82,7.49,55.32
DIVISLAB,2019.0,27.36,37.89,12.2,0.02,405.6,0.62,,,51.0,517.0,31.0,106.0,,14.33,11.85,11.95,59.25
DIVISLAB,2020.0,25.53,33.85,12.2,0.01,287.43,0.63,,,52.0,517.0,31.0,39.0,,11.61,10.08,10.2,55.35
DIVISLAB,2021.0,28.47,41.14,12.2,0.0,1462.0,0.65,,,75.0,517.0,27.0,5.0,,13.04,12.0,12.3,58.56
DIVISLAB,2022.0,33.04,43.36,12.2,0.0,1998.5,0.67,,,112.0,517.0,27.0,4.0,,17.13,22.8,22.87,63.66
DIVISLAB,2023.0,23.48,30.51,12.2,0.0,1357.0,0.54,,,69.0,517.0,44.0,4.0,,14.83,15.77,15.9,58.1
DIVISLAB,2024.0,20.4,28.17,12.2,0.0,636.25,0.51,,,60.0,517.0,50.0,3.0,,9.66,3.41,3.3,49.39
DLF,2013.0,8.58,33.87,6.95,1.03,1.69,0.12,,,4.0,163.0,48.0,26600.0,,,,,15.59
DLF,2014.0,7.11,30.04,6.95,0.88,1.47,0.13,,,4.0,163.0,55.0,24133.0,,,,,14.09
DLF,2015.0,6.63,39.4,6.95,0.89,1.53,0.12,,,3.0,163.0,66.0,24495.0,,,,,13.07
DLF,2016.0,3.07,39.96,6.95,1.05,1.67,0.16,,,2.0,163.0,117.0,25264.0,,,,,10.47
DLF,2017.0,8.61,41.92,6.95,1.19,1.54,0.13,,,4.0,163.0,50.0,29202.0,,,,,16.01
DLF,2018.0,66.75,35.46,6.95,0.5,4.1,0.11,,,25.0,163.0,8.0,17491.0,,-2.91,46.34,44.27,31.26
DLF,2019.0,15.71,25.68,6.95,0.51,1.42,0.13,,,6.0,163.0,33.0,17222.0,,0.16,17.37,8.45,25.65
DLF,2020.0,-9.7,18.84,6.95,0.24,1.6,0.11,,,-2.0,163.0,-85.0,8103.0,,-4.48,,,6.68
DLF,2021.0,20.0,27.13,6.95,0.19,2.17,0.1,,,4.0,163.0,45.0,6886.0,,-11.42,28.84,14.87,25.52
DLF,2022.0,26.24,30.49,6.95,0.12,3.1,0.11,,,6.0,163.0,49.0,4182.0,,-7.01,16.2,8.45,28.71
DLF,2023.0,35.72,30.31,6.95,0.09,5.21,0.11,,,8.0,163.0,49.0,3334.0,,-3.22,-14.6,-20.38,30.7
DLF,2024.0,42.38,33.05,6.95,0.12,7.46,0.11,,,11.0,163.0,45.0,4834.0,,-5.14,15.7,12.89,30.67
DMART,2013.0,2.81,6.44,14.5,0.67,5.35,2.24,,,2.0,309.0,0.0,526.0,,,,,33.91
DMART,2014.0,3.44,7.28,14.5,0.67,6.38,2.59,,,3.0,309.0,0.0,641.0,,,,,34.91
DMART,2015.0,3.29,7.08,14.5,0.75,6.61,2.73,,,4.0,309.0,0.0,904.0,,,,,34.71
DMART,2016.0,3.73,7.74,14.5,0.78,7.48,2.77,,,6.0,309.0,0.0,1192.0,,,,,35.25
DMART,2017.0,4.03,8.14,14.5,0.39,8.17,2.04,,,8.0,309.0,0.0,1497.0,,,,,34.9
DMART,2018.0,5.36,9.0,14.5,0.09,24.02,2.66,,,13.0,309.0,0.0,439.0,,35.09,53.69,45.41,61.74
DMART,2019.0,4.51,8.16,14.5,0.13,35.77,2.86,,,14.0,309.0,0.0,700.0,,33.68,41.15,36.08,60.64
DMART,2020.0,5.23,8.56,14.5,0.03,31.71,2.06,,,20.0,309.0,0.0,333.0,,31.03,43.74,37.97,60.55
DMART,2021.0,4.55,7.23,14.5,0.03,46.17,1.77,,,17.0,309.0,0.0,393.0,,22.98,27.99,23.16,58.38
DMART,2022.0,4.82,8.08,14.5,0.05,48.44,2.0,,,23.0,309.0,0.0,647.0,,21.09,25.51,23.52,58.65
DMART,2023.0,5.55,8.49,14.5,0.04,56.22,2.37,,,37.0,309.0,0.0,643.0,,23.3,24.16,23.27,60.54
DMART,2024.0,4.99,8.08,14.5,0.03,73.29,2.4,,,39.0,309.0,0.0,592.0,,20.48,22.97,22.74,58.85
DRREDDY,2013.0,12.9,22.56,21.4,0.58,28.15,0.88,,,18.0,369.0,17.0,3682.0,,,,,48.98
DRREDDY,2014.0,14.63,24.23,21.4,0.57,26.94,0.84,,,23.0,369.0,16.0,4477.0,,,,,50.53
DRREDDY,2015.0,15.55,23.35,21.4,0.44,34.89,0.81,,,27.0,369.0,15.0,4314.0,,,,,51.11
DRREDDY,2016.0,13.69,23.03,21.4,0.27,46.75,0.77,,,25.0,369.0,16.0,3352.0,,,,,48.48
DRREDDY,2017.0,9.1,17.41,21.4,0.4,33.47,0.66,,,16.0,369.0,26.0,4918.0,,,,,41.81
DRREDDY,2018.0,6.63,16.46,21.4,0.4,31.72,0.64,,,11.0,369.0,35.0,5071.0,,3.83,-9.11,-9.38,42.72
DRREDDY,2019.0,12.62,20.57,21.4,0.27,39.99,0.69,,,23.0,369.0,17.0,3838.0,,2.86,-0.13,0.0,49.71
DRREDDY,2020.0,11.57,14.14,21.4,0.14,32.11,0.75,,,24.0,369.0,21.0,2210.0,,3.12,-2.81,-2.33,49.55
DRREDDY,2021.0,10.25,20.34,21.4,0.17,43.39,0.72,,,23.0,369.0,21.0,3031.0,,4.12,-1.74,-1.65,48.76
DRREDDY,2022.0,10.13,17.49,21.4,0.18,45.03,0.72,,,26.0,369.0,23.0,3384.0,,8.7,11.05,10.2,53.71
DRREDDY,2023.0,18.27,26.23,21.4,0.06,52.03,0.77,,,54.0,369.0,15.0,1347.0,,11.55,36.62,37.47,66.69
DRREDDY,2024.0,19.91,28.32,21.4,0.07,51.71,0.72,,,67.0,369.0,12.0,2002.0,,12.64,23.39,23.84,68.13
EICHERMOT,2012.0,7.43,8.61,24.2,0.01,171.5,1.43,,,12.0,693.0,17.0,23.0,,,,,48.39
EICHERMOT,2013.0,7.71,10.5,24.2,0.04,101.0,1.28,,,15.0,693.0,21.0,84.0,,,,,47.86
EICHERMOT,2014.0,8.03,12.79,24.2,0.02,122.3,1.36,,,23.0,693.0,22.0,58.0,,,,,48.77
EICHERMOT,2016.0,21.68,27.38,24.2,0.01,1008.0,1.25,,,49.0,693.0,20.0,23.0,,,,,60.36
EICHERMOT,2017.0,23.7,30.91,24.2,0.02,647.5,1.0,,,61.0,693.0,16.0,112.0,,1.94,28.54,38.43,62.63
EICHERMOT,2018.0,21.86,31.33,24.2,0.02,669.0,0.94,,,72.0,693.0,15.0,151.0,,5.65,30.14,36.85,64.77
EICHERMOT,2019.0,22.49,29.64,24.2,0.02,515.0,0.86,,,81.0,693.0,15.0,187.0,,2.31,25.7,28.63,61.27
EICHERMOT,2020.0,19.96,23.85,24.2,0.02,145.0,0.74,,,67.0,693.0,19.0,249.0,,,,,55.17
EICHERMOT,2021.0,15.45,20.45,24.2,0.02,141.56,0.6,,,49.0,693.0,34.0,219.0,,7.15,0.13,0.0,57.85
EICHERMOT,2022.0,16.28,21.15,24.2,0.01,140.74,0.64,,,61.0,693.0,34.0,108.0,,7.93,0.12,0.0,60.0
EICHERMOT,2023.0,20.18,23.86,24.2,0.02,155.5,0.75,,,107.0,693.0,35.0,288.0,,10.01,8.25,8.25,67.02
EICHERMOT,2024.0,24.2,26.18,24.2,0.02,114.71,0.72,,,146.0,693.0,35.0,419.0,,11.04,12.68,12.51,70.22
GAIL,2013.0,8.57,14.57,14.0,0.57,19.03,0.85,,,6.0,127.0,28.0,16472.0,,,,,33.68
GAIL,2014.0,7.75,12.93,14.0,0.57,13.8,0.92,,,7.0,127.0,28.0,18537.0,,,,,33.24
GAIL,2015.0,5.22,9.3,14.0,0.54,10.09,0.87,,,5.0,127.0,24.0,18291.0,,,,,30.25
GAIL,2016.0,3.6,8.71,14.0,0.25,6.41,0.88,,,3.0,127.0,37.0,9052.0,,,,,28.61
GAIL,2017.0,6.95,12.4,14.0,0.17,14.21,0.83,,,5.0,127.0,56.0,6553.0,,,,,31.33
GAIL,2018.0,8.82,14.32,14.0,0.09,29.66,0.89,,,7.0,127.0,43.0,3876.0,,1.35,1.93,3.13,37.12
GAIL,2019.0,8.6,13.04,14.0,0.05,73.31,1.11,,,10.0,127.0,25.0,2224.0,,4.29,6.49,7.39,40.48
GAIL,2020.0,13.12,12.44,14.0,0.14,41.48,0.97,,,14.0,127.0,31.0,6912.0,,3.67,24.66,22.87,43.55
GAIL,2021.0,10.71,12.63,14.0,0.15,56.3,0.71,,,9.0,127.0,36.0,7873.0,,1.96,26.8,24.57,36.99
GAIL,2022.0,13.26,16.34,14.0,0.14,89.53,0.96,,,18.0,127.0,36.0,9216.0,,13.83,29.53,29.2,56.46
GAIL,2023.0,3.84,5.15,14.0,0.27,28.28,1.35,,,9.0,127.0,59.0,17816.0,,21.73,3.09,5.15,54.74
GAIL,2024.0,7.43,10.74,14.0,0.28,23.62,1.07,,,15.0,127.0,37.0,21794.0,,11.83,8.61,8.45,48.11
GODREJCP,2013.0,13.18,15.52,6.77,0.74,13.67,0.83,,,8.0,119.0,22.0,2456.0,,,,,29.07
GODREJCP,2014.0,10.78,15.38,6.77,0.63,10.26,0.91,,,7.0,119.0,24.0,2373.0,,,,,27.35
GODREJCP,2015.0,11.8,16.67,6.77,0.63,12.96,0.91,,,9.0,119.0,21.0,2717.0,,,,,28.37
GODREJCP,2016.0,9.86,19.67,6.77,0.68,10.9,0.87,,,8.0,119.0,24.0,2891.0,,,,,26.1
GODREJCP,2017.0,14.11,20.58,6.77,0.75,12.88,0.72,,,13.0,119.0,39.0,4001.0,,,,,28.59
GODREJCP,2018.0,16.59,21.16,6.77,0.56,13.68,0.71,,,16.0,119.0,42.0,3508.0,,8.96,14.1,14.87,41.27
GODREJCP,2019.0,22.71,20.67,6.77,0.47,10.48,0.73,,,23.0,119.0,44.0,3382.0,,6.3,23.38,26.86,41.51
GODREJCP,2020.0,15.1,21.73,6.77,0.45,9.59,0.67,,,15.0,119.0,55.0,3575.0,,3.68,8.93,10.76,32.95
GODREJCP,2021.0,15.6,21.75,6.77,0.2,17.55,0.77,,,17.0,119.0,0.0,1864.0,,5.54,15.67,16.27,37.15
GODREJCP,2022.0,14.52,19.62,6.77,0.15,20.39,0.76,,,17.0,119.0,0.0,1704.0,,5.78,6.39,5.51,35.93
GODREJCP,2023.0,12.78,18.35,6.77,0.08,13.6,0.76,,,17.0,119.0,0.0,1130.0,,6.22,0.82,1.22,34.44
GODREJCP,2024.0,-3.98,20.98,6.77,0.26,2.41,0.77,,,-5.0,119.0,,3222.0,,6.45,,,21.68
GRASIM,2013.0,13.54,21.23,6.9,0.49,20.83,0.63,,,57.0,1411.0,8.0,9550.0,,,,,26.83
GRASIM,2014.0,10.43,17.35,6.9,0.45,12.28,0.59,,,44.0,1411.0,9.0,9681.0,,,,,23.22
GRASIM,2015.0,8.14,16.21,6.9,0.52,8.51,0.59,,,37.0,1411.0,9.0,11930.0,,,,,20.63
GRASIM,2016.0,10.02,17.14,6.9,0.46,10.07,0.58,,,51.0,1411.0,9.0,12505.0,,,,,22.74
GRASIM,2017.0,11.77,20.48,6.9,0.29,12.06,0.57,,,66.0,1411.0,8.0,9213.0,,,,,24.36
GRASIM,2018.0,6.6,20.78,6.9,1.17,3.28,0.27,,,39.0,1411.0,15.0,67070.0,,14.9,-0.48,-7.31,33.48
GRASIM,2019.0,3.56,21.55,6.9,1.46,2.44,0.32,,,25.0,1411.0,27.0,84487.0,,22.2,-1.46,-10.69,36.66
GRASIM,2020.0,9.73,15.2,6.9,1.5,2.53,0.28,,,65.0,1411.0,6.0,84777.0,,16.55,20.79,11.93,38.73
GRASIM,2021.0,9.14,24.39,6.9,1.21,3.45,0.29,,,63.0,1411.0,14.0,79078.0,,17.24,15.12,4.32,39.13
GRASIM,2022.0,11.71,21.35,6.9,0.99,4.62,0.33,,,111.0,1411.0,9.0,74744.0,,21.55,21.42,10.96,45.19
GRASIM,2023.0,9.42,18.35,6.9,1.31,4.19,0.35,,,100.0,1411.0,10.0,103039.0,,16.05,24.6,20.72,39.53
GRASIM,2024.0,7.58,20.76,6.9,1.55,3.02,0.32,,,85.0,1411.0,12.0,137155.0,,11.15,29.31,27.73,31.06
HAL,2013.0,20.92,5.36,28.9,,820.6,,,,124.0,465.0,28.0,,,,,,46.32
HAL,2014.0,17.79,10.37,28.9,,523.5,,,,28.0,465.0,33.0,,,,,,44.71
HAL,2015.0,15.18,14.95,28.9,,266.2,,,,25.0,465.0,20.0,,,,,,42.38
HAL,2016.0,11.92,14.79,28.9,0.15,679.33,95.22,,,28.0,465.0,31.0,18.0,,,,,58.28
HAL,2017.0,14.57,18.03,28.9,0.02,267.5,105.59,,,36.0,465.0,31.0,2.0,,,,,61.35
HAL,2018.0,10.73,18.68,28.9,0.02,120.6,111.56,,,30.0,465.0,54.0,3.0,,5.27,-7.89,-24.71,63.04
HAL,2019.0,11.73,22.84,28.9,0.06,27.94,114.33,,,35.0,465.0,28.0,8.0,,5.74,-2.72,4.56,64.56
HAL,2020.0,13.25,22.76,28.9,0.01,14.75,123.96,,,42.0,465.0,39.0,2.0,,6.39,3.54,10.93,67.03
HAL,2021.0,14.16,23.34,28.9,0.04,21.35,123.02,,,48.0,465.0,31.0,6.0,,6.43,10.14,11.38,68.01
HAL,2022.0,20.66,22.01,28.9,0.08,98.55,121.88,,,76.0,465.0,26.0,12.0,,6.52,14.22,16.12,73.1
HAL,2023.0,21.58,24.77,28.9,0.27,130.33,99.37,,,87.0,465.0,32.0,47.0,,7.77,23.94,23.73,74.51
HAL,2024.0,25.0,32.09,28.9,0.62,270.88,67.51,,,114.0,465.0,31.0,123.0,,8.71,26.49,26.64,77.15
HAVELLS,2013.0,8.14,9.45,18.0,0.68,7.28,1.6,,,9.0,124.0,16.0,982.0,,,,,44.08
HAVELLS,2014.0,5.54,9.65,18.0,0.63,7.96,1.51,,,7.0,124.0,42.0,1054.0,,,,,41.16
HAVELLS,2015.0,4.55,8.92,18.0,0.23,8.36,1.77,,,6.0,124.0,49.0,424.0,,,,,40.66
HAVELLS,2016.0,17.12,10.48,18.0,0.04,19.18,1.73,,,21.0,124.0,29.0,134.0,,,,,54.05
HAVELLS,2017.0,8.06,13.3,18.0,0.06,65.92,1.19,,,8.0,124.0,44.0,208.0,,,,,42.16
HAVELLS,2018.0,8.14,12.73,18.0,0.03,45.2,1.23,,,11.0,124.0,4.0,115.0,,2.61,2.61,4.1,45.96
HAVELLS,2019.0,7.82,11.8,18.0,0.02,82.06,1.41,,,13.0,124.0,36.0,94.0,,4.58,12.06,13.18,48.18
HAVELLS,2020.0,7.79,11.3,18.0,0.02,23.02,1.33,,,12.0,124.0,34.0,72.0,,2.2,13.81,14.87,45.59
HAVELLS,2021.0,9.98,15.2,18.0,0.1,19.73,1.18,,,17.0,124.0,39.0,521.0,,6.61,-4.29,-4.14,51.56
HAVELLS,2022.0,8.58,12.73,18.0,0.1,28.87,1.32,,,19.0,124.0,39.0,616.0,,17.85,19.34,18.89,64.12
HAVELLS,2023.0,6.34,9.59,18.0,0.03,32.71,1.52,,,17.0,124.0,44.0,223.0,,15.82,10.15,9.1,60.84
HAVELLS,2024.0,6.84,10.12,18.0,0.04,25.36,1.5,,,20.0,124.0,44.0,303.0,,13.04,10.03,9.0,58.24
HCLTECH,2013.0,15.79,22.2,23.3,0.08,56.72,1.14,,,14.0,254.0,21.0,1044.0,,,,,55.55
HCLTECH,2014.0,20.31,25.0,23.3,0.05,76.42,1.07,,,23.0,254.0,11.0,1018.0,,,,,58.04
HCLTECH,2015.0,20.0,23.12,23.3,0.03,105.63,1.04,,,26.0,254.0,58.0,648.0,,,,,57.67
HCLTECH,2016.0,17.99,21.37,23.3,0.04,101.69,0.79,,,20.0,254.0,40.0,1090.0,,,,,54.64
HCLTECH,2017.0,18.09,21.84,23.3,0.02,128.75,1.04,,,30.0,254.0,40.0,582.0,,,,,56.73
HCLTECH,2018.0,17.25,22.24,23.3,0.02,180.81,1.05,,,31.0,254.0,19.0,557.0,,14.6,16.64,17.23,74.22
HCLTECH,2019.0,16.75,23.05,23.3,0.1,85.45,1.04,,,37.0,254.0,11.0,4195.0,,13.46,9.16,9.98,72.35
HCLTECH,2020.0,15.64,24.5,23.3,0.16,35.46,0.85,,,41.0,254.0,25.0,7986.0,,14.0,8.53,9.54,70.36
HCLTECH,2021.0,14.82,26.6,23.3,0.11,41.05,0.88,,,41.0,254.0,24.0,6864.0,,19.34,14.8,15.44,74.34
HCLTECH,2022.0,15.79,23.97,23.3,0.1,67.7,0.96,,,50.0,254.0,84.0,6343.0,,12.48,9.46,10.76,69.68
HCLTECH,2023.0,14.63,22.3,23.3,0.07,67.95,1.09,,,55.0,254.0,88.0,4794.0,,14.94,11.22,12.15,72.12
HCLTECH,2024.0,14.29,22.02,23.3,0.08,46.46,1.11,,,58.0,254.0,90.0,5758.0,,12.71,9.19,9.41,69.09
HDFCBANK,2013.0,19.25,35.22,17.1,9.16,1.77,0.09,,,14.0,601.0,19.0,335588.0,,,,,38.63
HDFCBANK,2014.0,20.6,31.74,17.1,9.43,1.63,0.08,,,18.0,601.0,19.0,416677.0,,,,,38.79
HDFCBANK,2015.0,21.12,31.9,17.1,8.07,1.69,0.08,,,21.0,601.0,19.0,509762.0,,,,,39.12
HDFCBANK,2016.0,20.3,31.75,17.1,8.74,1.79,0.08,,,25.0,601.0,19.0,649587.0,,,,,38.65
HDFCBANK,2017.0,20.9,32.56,17.1,8.08,1.85,0.08,,,30.0,601.0,18.0,741550.0,,,,,39.0
HDFCBANK,2018.0,21.76,34.63,17.1,8.62,1.84,0.08,,,36.0,601.0,18.0,944817.0,,18.92,21.87,20.79,60.77
HDFCBANK,2019.0,21.34,33.15,17.1,7.03,1.84,0.08,,,41.0,601.0,18.0,1080235.0,,19.83,20.68,17.9,61.25
HDFCBANK,2020.0,22.34,37.2,17.1,7.56,1.83,0.08,,,50.0,601.0,5.0,1333041.0,,19.25,20.59,18.95,61.15
HDFCBANK,2021.0,24.78,40.81,17.1,7.2,1.92,0.07,,,58.0,601.0,11.0,1511418.0,,15.27,19.97,18.33,58.38
HDFCBANK,2022.0,28.07,41.61,17.1,7.22,1.78,0.06,,,69.0,601.0,23.0,1784970.0,,13.16,20.02,18.13,56.32
HDFCBANK,2023.0,27.03,36.92,17.1,7.39,1.86,0.07,,,82.0,601.0,23.0,2139212.0,,14.89,19.98,17.9,58.58
HDFCBANK,2024.0,23.07,61.41,17.1,6.81,1.4,0.07,,,84.0,601.0,23.0,3107503.0,,21.95,23.87,15.42,62.34
HDFCLIFE,2013.0,3.18,96.27,11.4,0.0,483.54,0.34,,,2.0,73.0,0.0,0.0,,,,,18.43
HDFCLIFE,2014.0,4.22,96.48,11.4,0.0,68.73,0.33,,,4.0,73.0,14.0,0.0,,,,,19.45
HDFCLIFE,2015.0,2.89,96.79,11.4,0.0,333.47,0.39,,,4.0,73.0,18.0,0.0,,,,,18.66
HDFCLIFE,2016.0,4.5,94.74,11.4,0.0,159.19,0.24,,,4.0,73.0,22.0,0.0,,,,,18.09
HDFCLIFE,2017.0,2.89,96.83,11.4,0.0,213.5,0.32,,,4.0,73.0,25.0,0.0,,,,,17.67
HDFCLIFE,2018.0,3.43,96.67,11.4,0.0,110.6,0.29,,,6.0,73.0,25.0,0.0,,18.07,19.89,24.57,38.69
HDFCLIFE,2019.0,3.29,96.87,11.4,0.0,276.79,0.3,,,6.0,73.0,26.0,0.0,,17.75,12.01,8.45,38.36
HDFCLIFE,2020.0,4.41,96.12,11.4,0.0,76.54,0.22,,,6.0,73.0,0.0,0.0,,1.54,10.54,8.45,20.46
HDFCLIFE,2021.0,1.9,98.27,11.4,0.07,157.97,0.4,,,7.0,73.0,30.0,600.0,,31.57,10.75,11.84,42.15
HDFCLIFE,2022.0,1.98,98.84,11.4,0.04,86.62,0.29,,,6.0,73.0,27.0,600.0,,16.98,8.39,8.45,36.24
HDFCLIFE,2023.0,1.95,99.89,11.4,0.07,48.8,0.28,,,6.0,73.0,30.0,950.0,,16.83,4.32,0.0,35.84
HDFCLIFE,2024.0,1.55,99.48,11.4,0.06,192.29,0.34,,,7.0,73.0,27.0,950.0,,21.17,4.25,3.13,39.86
HEROMOTOCO,2014.0,8.32,85.94,22.0,0.05,50.55,2.5,,,105.0,951.0,62.0,284.0,,,,,49.74
HEROMOTOCO,2015.0,8.58,87.22,22.0,0.02,73.94,2.58,,,118.0,951.0,51.0,100.0,,,,,50.14
HEROMOTOCO,2016.0,10.94,84.45,22.0,0.03,57.12,2.21,,,157.0,951.0,46.0,232.0,,,,,52.3
HEROMOTOCO,2017.0,12.39,83.97,22.0,0.03,28.97,1.87,,,179.0,951.0,47.0,261.0,,,,,53.25
HEROMOTOCO,2018.0,11.47,83.57,22.0,0.02,48.12,1.87,,,186.0,951.0,51.0,228.0,,,,,52.18
HEROMOTOCO,2019.0,10.2,85.21,22.0,0.02,39.08,1.84,,,172.0,951.0,50.0,312.0,,6.09,10.52,10.37,57.48
HEROMOTOCO,2020.0,12.51,86.09,22.0,0.03,17.57,1.49,,,182.0,951.0,49.0,453.0,,1.22,9.13,9.05,55.1
HEROMOTOCO,2021.0,9.48,86.9,22.0,0.04,48.67,1.34,,,146.0,951.0,72.0,584.0,,1.7,-1.16,-1.44,51.32
HEROMOTOCO,2022.0,7.88,88.98,22.0,0.04,48.27,1.31,,,116.0,951.0,82.0,605.0,,0.65,-8.06,-8.31,48.53
HEROMOTOCO,2023.0,8.2,88.0,22.0,0.03,53.04,1.43,,,141.0,951.0,71.0,568.0,,1.03,-5.53,-5.39,49.9
HEROMOTOCO,2024.0,9.9,86.15,22.0,0.03,47.27,1.44,,,187.0,951.0,75.0,606.0,,2.15,1.54,1.69,52.71
HINDALCO,2013.0,3.75,90.4,10.2,1.61,65.26,0.67,,,16.0,153.0,6.0,56951.0,,,,,20.67
HINDALCO,2014.0,2.5,90.85,10.2,1.59,117.7,0.64,,,11.0,153.0,9.0,64756.0,,,,,18.77
HINDALCO,2015.0,0.25,91.52,10.2,1.79,-114.72,0.74,,,4.0,153.0,24.0,68468.0,,,,,18.78
HINDALCO,2016.0,-0.71,92.12,10.2,1.66,60.66,0.7,,,-1.0,153.0,-82.0,67552.0,,,,,18.08
HINDALCO,2017.0,1.88,87.71,10.2,1.39,73.35,0.69,,,8.0,153.0,13.0,63817.0,,,,,19.14
HINDALCO,2018.0,5.28,88.11,10.2,0.95,35.26,0.78,,,27.0,153.0,4.0,52074.0,,7.51,15.13,11.03,32.32
HINDALCO,2019.0,4.21,88.12,10.2,0.91,102.08,0.86,,,24.0,153.0,5.0,52415.0,,8.28,20.15,16.89,32.73
HINDALCO,2020.0,3.19,87.89,10.2,1.17,114.62,0.7,,,17.0,153.0,6.0,68399.0,,2.53,70.82,33.56,23.92
HINDALCO,2021.0,2.64,86.7,10.2,1.01,-115.97,0.7,,,16.0,153.0,19.0,67206.0,,5.98,,,26.44
HINDALCO,2022.0,7.04,85.47,10.2,0.82,133.06,0.88,,,61.0,153.0,6.0,64486.0,,14.25,48.8,50.12,44.35
HINDALCO,2023.0,4.52,89.85,10.2,0.64,153.44,1.0,,,45.0,153.0,7.0,60291.0,,14.15,10.67,10.76,42.51
HINDALCO,2024.0,4.7,88.95,10.2,0.53,126.47,0.94,,,45.0,153.0,8.0,56356.0,,10.59,13.07,13.4,37.74
HINDUNILVR,2013.0,14.22,84.37,20.2,0.01,20.3,2.23,,,18.0,216.0,104.0,25.0,,,,,54.93
HINDUNILVR,2014.0,13.53,83.72,20.2,0.01,30.92,2.13,,,18.0,216.0,71.0,46.0,,,,,53.93
HINDUNILVR,2015.0,13.69,83.07,20.2,0.01,21.31,2.22,,,20.0,216.0,74.0,43.0,,,,,54.27
HINDUNILVR,2016.0,12.9,81.64,20.2,0.03,54.1,2.18,,,19.0,216.0,83.0,177.0,,,,,53.36
HINDUNILVR,2017.0,13.54,80.92,20.2,0.04,44.31,2.11,,,21.0,216.0,82.0,277.0,,,,,53.92
HINDUNILVR,2018.0,14.71,78.9,20.2,0.0,79.51,1.99,,,24.0,216.0,83.0,0.0,,5.65,6.37,5.92,61.31
HINDUNILVR,2019.0,15.42,77.41,20.2,0.01,94.57,2.11,,,28.0,216.0,78.0,99.0,,6.1,8.9,9.24,62.69
HINDUNILVR,2020.0,16.98,75.21,20.2,0.0,70.63,1.97,,,31.0,216.0,80.0,0.0,,4.47,9.07,9.16,62.55
HINDUNILVR,2021.0,17.01,75.28,20.2,0.0,208.39,0.68,,,34.0,216.0,119.0,0.0,,7.88,14.02,12.34,58.41
HINDUNILVR,2022.0,16.95,75.49,20.2,0.02,180.89,0.74,,,38.0,216.0,90.0,1043.0,,9.6,14.64,12.59,61.56
HINDUNILVR,2023.0,16.74,76.65,20.2,0.02,103.7,0.83,,,43.0,216.0,91.0,1219.0,,11.25,14.18,12.37,65.42
HINDUNILVR,2024.0,16.61,76.32,20.2,0.03,57.85,0.79,,,44.0,216.0,96.0,1484.0,,9.5,11.15,9.46,62.0
ICICIBANK,2013.0,22.57,70.59,18.8,7.09,1.08,0.07,,,15.0,365.0,24.0,487659.0,,,,,41.46
ICICIBANK,2014.0,23.6,66.4,18.8,7.11,1.09,0.07,,,17.0,365.0,24.0,543055.0,,,,,41.91
ICICIBANK,2015.0,23.55,70.53,18.8,7.05,1.1,0.07,,,19.0,365.0,24.0,597207.0,,,,,41.84
ICICIBANK,2016.0,18.43,88.12,18.8,7.13,1.24,0.06,,,16.0,365.0,29.0,671455.0,,,,,38.82
ICICIBANK,2017.0,18.61,104.76,18.8,6.7,1.22,0.06,,,16.0,365.0,14.0,700874.0,,,,,38.93
ICICIBANK,2018.0,14.64,117.12,18.8,7.37,1.28,0.06,,,12.0,365.0,12.0,815198.0,,6.73,-2.12,-4.36,42.97
ICICIBANK,2019.0,7.9,116.38,18.8,7.8,1.41,0.06,,,7.0,365.0,15.0,891641.0,,7.79,-13.4,-16.26,36.37
ICICIBANK,2020.0,13.23,100.62,18.8,8.25,1.31,0.06,,,15.0,365.0,0.0,1014636.0,,9.07,-2.81,-4.62,44.31
ICICIBANK,2021.0,22.84,102.41,18.8,7.0,1.26,0.06,,,27.0,365.0,8.0,1103840.0,,8.5,13.26,11.03,50.22
ICICIBANK,2022.0,27.82,84.69,18.8,6.88,1.3,0.05,,,36.0,365.0,14.0,1252968.0,,9.38,18.54,17.61,52.8
ICICIBANK,2023.0,29.29,72.57,18.8,6.53,1.35,0.06,,,49.0,365.0,16.0,1399894.0,,14.26,31.26,32.5,60.43
ICICIBANK,2024.0,28.89,62.41,18.8,6.45,1.3,0.07,,,63.0,365.0,16.0,1651008.0,,17.25,51.95,55.18,63.69
ICICIGI,2013.0,8.8,104.46,17.0,0.0,7.15,0.32,,,8.0,275.0,0.0,0.0,,,,,33.17
ICICIGI,2014.0,11.95,105.19,17.0,0.0,5.6,0.3,,,12.0,275.0,0.0,0.0,,,,,35.88
ICICIGI,2015.0,13.82,105.24,17.0,0.0,4.49,0.29,,,13.0,275.0,15.0,0.0,,,,,37.76
ICICIGI,2016.0,8.4,87.34,17.0,0.0,,0.38,,,11.0,275.0,26.0,0.0,,,,,33.39
ICICIGI,2017.0,9.34,87.78,17.0,0.12,-3306.5,0.32,,,16.0,275.0,22.0,485.0,,,,,33.48
ICICIGI,2018.0,12.47,103.79,17.0,0.11,4.57,0.23,,,19.0,275.0,17.0,485.0,,11.49,19.55,18.89,49.21
ICICIGI,2019.0,9.4,85.05,17.0,0.09,-4754.5,0.33,,,23.0,275.0,26.0,485.0,,20.73,15.07,13.9,56.31
ICICIGI,2020.0,10.37,84.61,17.0,0.08,650.67,0.31,,,26.0,275.0,13.0,485.0,,22.16,15.34,14.87,57.69
ICICIGI,2021.0,12.11,82.97,17.0,0.06,842.25,0.31,,,32.0,275.0,25.0,485.0,,15.05,23.78,23.81,54.54
ICICIGI,2022.0,7.93,93.66,17.0,0.03,18.56,0.32,,,26.0,275.0,35.0,255.0,,16.34,12.61,10.2,51.24
ICICIGI,2023.0,9.67,92.93,17.0,0.0,16.77,0.32,,,35.0,275.0,31.0,35.0,,20.93,14.94,13.0,56.54
ICICIGI,2024.0,9.37,87.42,17.0,0.0,160.03,0.32,,,39.0,275.0,28.0,35.0,,12.91,12.84,11.14,49.32
ICICIPRULI,2013.0,7.57,96.28,8.07,0.0,21.43,0.27,,,11.0,80.0,32.0,0.0,,,,,17.3
ICICIPRULI,2014.0,7.13,93.13,8.07,0.0,158.07,0.27,,,11.0,80.0,70.0,0.0,,,,,16.77
ICICIPRULI,2015.0,4.76,95.2,8.07,0.0,762.86,0.34,,,11.0,80.0,51.0,0.0,,,,,15.88
ICICIPRULI,2016.0,7.91,91.17,8.07,0.19,,0.2,,,12.0,80.0,73.0,1029.0,,,,,16.65
ICICIPRULI,2017.0,4.45,95.22,8.07,0.0,277.04,0.3,,,12.0,80.0,63.0,0.0,,,,,14.59
ICICIPRULI,2018.0,4.17,95.44,8.07,0.0,280.81,0.27,,,11.0,80.0,59.0,0.0,,14.16,1.34,0.0,30.9
ICICIPRULI,2019.0,2.75,98.7,8.07,0.0,50.34,0.25,,,8.0,80.0,40.0,0.0,,13.63,-6.11,-6.17,28.44
ICICIPRULI,2020.0,5.07,101.52,8.07,0.0,13.52,0.13,,,7.0,80.0,11.0,0.0,,-9.41,-8.24,-8.64,12.64
ICICIPRULI,2021.0,1.15,100.47,8.07,0.13,50.07,0.38,,,7.0,80.0,30.0,1200.0,,31.88,-10.34,-10.22,37.01
ICICIPRULI,2022.0,1.19,103.4,8.07,0.13,20.6,0.26,,,5.0,80.0,10.0,1200.0,,10.94,-14.71,-16.06,23.76
ICICIPRULI,2023.0,1.61,103.48,8.07,0.12,17.86,0.2,,,6.0,80.0,11.0,1200.0,,5.39,-12.87,-11.42,16.21
ICICIPRULI,2024.0,0.94,102.03,8.07,0.11,31.02,0.3,,,6.0,80.0,10.0,1200.0,,16.85,-5.66,-5.59,31.15
INDUSINDBK,2013.0,15.19,27.88,15.2,8.33,1.43,0.1,,,20.0,807.0,15.0,63576.0,,,,,33.3
INDUSINDBK,2014.0,17.06,30.95,15.2,8.32,1.35,0.09,,,27.0,807.0,13.0,75264.0,,,,,34.82
INDUSINDBK,2015.0,18.51,32.33,15.2,8.9,1.23,0.09,,,34.0,807.0,12.0,94752.0,,,,,35.57
INDUSINDBK,2016.0,19.26,35.28,15.2,6.67,1.27,0.08,,,38.0,807.0,12.0,117996.0,,,,,35.31
INDUSINDBK,2017.0,19.91,39.46,15.2,7.22,1.36,0.08,,,48.0,807.0,13.0,149026.0,,,,,35.61
INDUSINDBK,2018.0,20.87,37.93,15.2,7.97,1.38,0.08,,,60.0,807.0,12.0,189928.0,,19.87,27.72,24.57,58.26
INDUSINDBK,2019.0,14.83,41.7,15.2,9.08,1.64,0.08,,,55.0,807.0,14.0,242189.0,,21.95,18.58,15.29,55.0
INDUSINDBK,2020.0,15.35,43.81,15.2,7.57,1.81,0.09,,,64.0,807.0,0.0,262793.0,,24.32,19.75,13.49,56.72
INDUSINDBK,2021.0,9.78,55.16,15.2,7.09,2.44,0.08,,,37.0,807.0,14.0,307528.0,,19.56,4.41,-0.53,48.32
INDUSINDBK,2022.0,14.96,51.39,15.2,7.15,2.16,0.08,,,60.0,807.0,14.0,341005.0,,16.43,9.96,4.56,51.58
INDUSINDBK,2023.0,20.32,42.69,15.2,7.06,1.9,0.08,,,95.0,807.0,15.0,385449.0,,16.05,15.43,9.63,55.17
INDUSINDBK,2024.0,19.56,38.55,15.2,6.89,1.88,0.09,,,115.0,807.0,14.0,432404.0,,15.5,22.08,15.9,54.71
INFY,2013.0,23.37,28.59,31.8,0.0,2780.6,0.87,,,21.0,218.0,25.0,0.0,,,,,61.79
INFY,2014.0,21.26,26.71,31.8,0.0,1783.78,0.88,,,23.0,218.0,34.0,0.0,,,,,61.06
INFY,2015.0,23.2,27.91,31.8,0.0,1526.08,0.8,,,27.0,218.0,55.0,0.0,,,,,60.99
INFY,2016.0,21.6,27.35,31.8,0.0,,0.83,,,29.0,218.0,41.0,0.0,,,,,60.63
INFY,2017.0,20.96,27.17,31.8,0.0,,0.82,,,31.0,218.0,41.0,0.0,,,,,60.19
INFY,2018.0,22.73,26.69,31.8,0.0,,0.89,,,37.0,218.0,59.0,0.0,,11.81,11.2,11.99,76.07
INFY,2019.0,18.64,24.4,31.8,0.0,,0.98,,,35.0,218.0,60.0,0.0,,10.52,7.66,8.76,72.84
INFY,2020.0,18.33,24.53,31.8,0.07,147.47,0.99,,,39.0,218.0,45.0,4633.0,,11.23,6.11,7.63,73.84
INFY,2021.0,19.33,27.76,31.8,0.07,154.31,0.93,,,45.0,218.0,59.0,5325.0,,9.98,7.56,9.18,71.87
INFY,2022.0,18.21,25.89,31.8,0.07,168.93,1.04,,,53.0,218.0,59.0,5474.0,,12.18,9.06,11.32,75.36
INFY,2023.0,16.43,23.94,31.8,0.11,133.21,1.18,,,58.0,218.0,73.0,8299.0,,15.79,8.51,9.41,79.14
INFY,2024.0,17.08,23.7,31.8,0.09,87.52,1.13,,,63.0,218.0,,8359.0,,13.2,11.24,12.47,76.7
IOC,2013.0,0.79,3.0,25.44,1.42,2.42,1.91,,,3.0,129.0,36.0,89671.0,,,,,43.75
IOC,2014.0,1.43,3.53,25.44,1.4,3.75,1.84,,,5.0,129.0,30.0,94916.0,,,,,43.91
IOC,2015.0,1.08,2.35,25.44,0.94,3.91,1.92,,,3.0,129.0,33.0,64893.0,,,,,43.95
IOC,2016.0,3.59,6.37,25.44,0.65,7.82,1.49,,,8.0,129.0,28.0,58552.0,,,,,45.26
IOC,2017.0,5.74,9.61,25.44,0.62,10.29,1.3,,,14.0,129.0,45.0,63271.0,,,,,46.52
IOC,2018.0,5.37,9.88,25.44,0.58,11.87,1.42,,,15.0,129.0,90.0,65650.0,,-1.81,44.22,37.97,48.27
IOC,2019.0,3.27,6.68,25.44,0.86,7.99,1.57,,,12.0,129.0,49.0,96765.0,,1.58,19.91,19.14,47.88
IOC,2020.0,-0.39,3.32,25.44,1.36,1.53,1.47,,,-1.0,129.0,-437.0,129790.0,,1.48,,,45.01
IOC,2021.0,5.98,10.97,25.44,1.04,15.21,1.02,,,15.0,129.0,51.0,116649.0,,1.01,11.88,13.4,47.38
IOC,2022.0,4.37,8.1,25.44,0.99,9.55,1.43,,,18.0,129.0,46.0,132020.0,,10.65,4.76,5.15,58.51
IOC,2023.0,1.39,3.65,25.44,1.07,4.72,1.9,,,7.0,129.0,42.0,148977.0,,14.84,-12.35,-14.14,62.2
IOC,2024.0,5.56,9.74,25.44,0.72,10.28,1.61,,,30.0,129.0,40.0,132628.0,,8.01,20.1,20.11,56.31
IRCTC,2015.0,12.37,14.35,40.4,0.0,,0.91,,,13.0,44.0,20.0,0.0,,,,,55.07
IRCTC,2016.0,13.83,13.9,40.4,0.0,,0.95,,,19.0,44.0,40.0,0.0,,,,,56.97
IRCTC,2017.0,15.07,20.66,40.4,0.0,127.0,0.83,,,11.0,44.0,49.0,0.0,,,,,57.24
IRCTC,2018.0,15.08,18.69,40.4,0.0,124.33,0.63,,,11.0,44.0,21.0,0.0,,,,,54.29
IRCTC,2019.0,16.52,20.48,40.4,0.0,254.5,0.72,,,4.0,44.0,98.0,0.0,,,,,57.21
IRCTC,2020.0,22.66,31.05,40.4,0.0,78.0,0.7,,,6.0,44.0,39.0,0.0,,16.41,31.39,-14.33,79.71
IRCTC,2021.0,24.07,24.2,40.4,0.05,39.0,0.25,,,2.0,44.0,43.0,79.0,,-10.68,-0.21,-36.25,55.79
IRCTC,2022.0,35.13,46.51,40.4,0.06,86.0,0.48,,,8.0,44.0,42.0,105.0,,4.33,23.58,-6.17,65.64
IRCTC,2023.0,28.41,36.04,40.4,0.03,89.0,0.7,,,13.0,44.0,44.0,84.0,,19.29,35.41,3.4,83.68
IRCTC,2024.0,26.02,34.33,40.4,0.02,82.74,0.7,,,14.0,44.0,47.0,60.0,,17.96,29.17,28.47,82.22
IRFC,2013.0,9.41,99.6,13.7,9.19,1.36,0.08,,,222.0,39.0,21.0,58753.0,,,,,22.7
IRFC,2014.0,11.31,99.69,13.7,9.25,1.34,0.07,,,209.0,39.0,6.0,69917.0,,,,,24.0
IRFC,2015.0,10.92,99.51,13.7,8.21,1.38,0.08,,,212.0,39.0,20.0,71270.0,,,,,24.27
IRFC,2016.0,11.31,99.48,13.7,7.59,1.35,0.07,,,188.0,39.0,40.0,87503.0,,,,,24.0
IRFC,2017.0,10.32,99.71,13.7,8.86,1.31,0.07,,,143.0,39.0,40.0,106395.0,,,,,23.04
IRFC,2018.0,22.18,99.59,13.7,9.62,1.39,0.06,,,3.0,39.0,18.0,134006.0,,10.8,31.53,-57.72,45.12
IRFC,2019.0,20.25,99.56,13.7,6.95,1.35,0.05,,,2.0,39.0,18.0,173933.0,,12.43,26.32,-60.54,46.03
IRFC,2020.0,23.78,99.51,13.7,7.74,1.31,0.05,,,3.0,39.0,0.0,234377.0,,14.1,33.31,-57.33,49.76
IRFC,2021.0,28.0,99.28,13.7,9.0,1.39,0.04,,,3.0,39.0,31.0,323145.0,,16.01,39.07,-56.29,52.8
IRFC,2022.0,30.0,99.4,13.7,9.47,1.43,0.05,,,5.0,39.0,30.0,388440.0,,17.54,45.5,-48.86,54.7
IRFC,2023.0,26.0,99.44,13.7,9.38,1.35,0.05,,,5.0,39.0,32.0,418935.0,,20.68,24.58,10.76,55.62
IRFC,2024.0,24.06,99.5,13.7,8.38,1.32,0.05,,,5.0,39.0,31.0,412039.0,,19.07,23.25,20.11,54.08
ITC,2013.0,24.37,35.49,29.47,0.0,111.79,0.89,,,6.0,60.0,55.0,102.0,,,,,61.76
ITC,2014.0,25.49,37.05,29.47,0.01,484.34,0.86,,,7.0,60.0,54.0,242.0,,,,,61.64
ITC,2015.0,25.19,36.72,29.47,0.01,170.12,0.84,,,8.0,60.0,52.0,269.0,,,,,61.41
ITC,2016.0,24.24,37.08,29.47,0.0,205.31,0.76,,,8.0,60.0,73.0,84.0,,,,,60.06
ITC,2017.0,24.5,36.17,29.47,0.0,351.61,0.77,,,8.0,60.0,56.0,46.0,,,,,60.35
ITC,2018.0,26.45,38.02,29.47,0.0,163.14,0.68,,,9.0,60.0,56.0,36.0,,6.56,8.33,8.45,66.74
ITC,2019.0,26.55,38.35,29.47,0.0,290.38,0.67,,,10.0,60.0,56.0,13.0,,6.49,7.36,7.39,66.45
ITC,2020.0,31.57,39.17,29.47,0.0,268.65,0.64,,,12.0,60.0,82.0,277.0,,4.93,9.78,8.45,65.53
ITC,2021.0,27.17,34.64,29.47,0.0,338.66,0.67,,,11.0,60.0,101.0,271.0,,4.68,7.09,6.58,64.78
ITC,2022.0,25.56,34.01,29.47,0.0,375.55,0.79,,,12.0,60.0,93.0,249.0,,7.23,8.15,8.45,68.83
ITC,2023.0,27.46,36.24,29.47,0.0,356.44,0.83,,,15.0,60.0,100.0,306.0,,10.3,11.13,10.76,73.99
ITC,2024.0,29.28,37.02,29.47,0.0,362.96,0.77,,,16.0,60.0,84.0,303.0,,7.95,10.08,9.86,70.27
JINDALSTEL,2013.0,14.9,30.83,14.1,1.16,6.03,0.35,,,31.0,464.0,5.0,24618.0,,,,,35.54
JINDALSTEL,2014.0,9.83,30.07,14.1,1.61,3.4,0.28,,,21.0,464.0,7.0,36368.0,,,,,28.68
JINDALSTEL,2015.0,-7.48,28.16,14.1,2.16,1.41,0.26,,,-14.0,464.0,0.0,45501.0,,,,,17.81
JINDALSTEL,2016.0,-15.86,17.65,14.1,1.44,1.03,0.21,,,-32.0,464.0,0.0,46797.0,,,,,16.82
JINDALSTEL,2017.0,-11.75,21.8,14.1,1.53,1.26,0.24,,,-25.0,464.0,0.0,45850.0,,,,,17.36
JINDALSTEL,2018.0,-4.85,19.43,14.1,1.41,1.52,0.37,,,-15.0,464.0,0.0,42962.0,,10.94,,,33.03
JINDALSTEL,2019.0,-5.14,17.91,14.1,1.23,1.63,0.53,,,-17.0,464.0,0.0,39559.0,,19.48,,,42.84
JINDALSTEL,2020.0,-1.05,18.01,14.1,1.15,1.83,0.42,,,-1.0,464.0,0.0,36824.0,,14.34,,,38.37
JINDALSTEL,2021.0,12.34,31.62,14.1,0.94,4.08,0.44,,,36.0,464.0,0.0,29910.0,,12.17,,,48.07
JINDALSTEL,2022.0,13.22,30.32,14.1,0.38,7.24,0.67,,,56.0,464.0,5.0,13502.0,,18.82,,,57.62
JINDALSTEL,2023.0,7.47,18.68,14.1,0.34,6.5,0.77,,,31.0,464.0,6.0,13046.0,,9.84,,,42.83
JINDALSTEL,2024.0,11.8,20.26,14.1,0.37,8.0,0.64,,,58.0,464.0,3.0,16472.0,,1.4,,,36.88
JIOFIN,2023.0,68.89,86.67,1.82,0.01,,0.0,,,,216.0,0.0,743.0,,,,,25.4
JIOFIN,2024.0,86.52,84.04,1.82,0.0,198.8,0.01,,,3.0,216.0,0.0,0.0,,,,,25.5
JSWENERGY,2013.0,10.16,31.58,8.4,1.67,2.92,0.44,,,6.0,160.0,36.0,10377.0,,,,,23.27
JSWENERGY,2014.0,8.79,37.64,8.4,1.54,2.55,0.45,,,5.0,160.0,43.0,10106.0,,,,,21.97
JSWENERGY,2015.0,14.53,38.77,8.4,1.24,3.36,0.48,,,8.0,160.0,24.0,9294.0,,,,,28.25
JSWENERGY,2016.0,14.86,41.01,8.4,1.53,2.92,0.34,,,9.0,160.0,22.0,14862.0,,,,,27.44
JSWENERGY,2017.0,7.54,40.23,8.4,1.38,2.1,0.29,,,4.0,160.0,13.0,14349.0,,,,,18.29
JSWENERGY,2018.0,1.06,33.71,8.4,1.07,1.9,0.3,,,0.0,160.0,0.0,11883.0,,-1.92,-37.64,,13.23
JSWENERGY,2019.0,7.49,31.24,8.4,0.89,2.73,0.35,,,4.0,160.0,24.0,10555.0,,1.11,-2.09,-4.36,21.79
JSWENERGY,2020.0,13.07,35.74,8.4,0.84,3.17,0.33,,,7.0,160.0,15.0,9840.0,,-2.41,-4.46,-2.64,26.44
JSWENERGY,2021.0,11.89,42.08,8.4,0.58,3.53,0.26,,,5.0,160.0,41.0,8371.0,,-6.76,-10.83,-11.09,22.93
JSWENERGY,2022.0,21.34,43.74,8.4,0.51,5.34,0.27,,,11.0,160.0,19.0,8943.0,,-0.23,22.85,22.42,32.36
JSWENERGY,2023.0,14.32,31.77,8.4,1.34,4.69,0.21,,,9.0,160.0,22.0,25051.0,,5.12,77.08,,30.33
JSWENERGY,2024.0,15.02,46.86,8.4,1.52,2.85,0.2,,,10.0,160.0,19.0,31573.0,,4.68,20.32,20.11,30.58
JSWSTEEL,2013.0,2.43,17.04,11.66,1.27,3.15,0.66,,,4.0,326.0,30.0,21625.0,,,,,20.66
JSWSTEEL,2014.0,0.78,17.9,11.66,1.68,2.47,0.66,,,2.0,326.0,74.0,35527.0,,,,,19.41
JSWSTEEL,2015.0,3.25,17.68,11.66,1.74,2.71,0.62,,,7.0,326.0,19.0,38754.0,,,,,20.98
JSWSTEEL,2016.0,-1.16,15.46,11.66,2.23,1.24,0.51,,,-1.0,326.0,-67.0,42204.0,,,,,17.65
JSWSTEEL,2017.0,6.24,22.14,11.66,1.91,3.27,0.63,,,15.0,326.0,19.0,43334.0,,,,,24.27
JSWSTEEL,2018.0,8.5,20.74,11.66,1.41,3.98,0.78,,,26.0,326.0,16.0,39393.0,,13.49,45.76,45.41,45.82
JSWSTEEL,2019.0,8.88,22.33,11.66,1.36,4.88,0.74,,,32.0,326.0,16.0,47396.0,,10.6,79.66,74.11,41.9
JSWSTEEL,2020.0,5.34,16.11,11.66,1.68,2.7,0.56,,,17.0,326.0,15.0,61423.0,,6.72,17.88,19.42,30.34
JSWSTEEL,2021.0,9.86,25.27,11.66,1.33,5.22,0.54,,,33.0,326.0,25.0,62392.0,,13.96,,,44.76
JSWSTEEL,2022.0,14.3,26.72,11.66,1.07,8.2,0.74,,,85.0,326.0,25.0,72237.0,,21.36,43.28,41.47,57.76
JSWSTEEL,2023.0,2.49,11.13,11.66,1.23,2.9,0.79,,,17.0,326.0,25.0,80853.0,,18.2,-7.5,-8.15,43.94
JSWSTEEL,2024.0,5.13,16.09,11.66,1.13,3.66,0.77,,,36.0,326.0,25.0,87984.0,,15.6,3.59,2.38,44.35
KOTAKBANK,2013.0,20.65,60.92,15.1,5.6,1.29,0.09,,,15.0,654.0,2.0,85561.0,,,,,36.32
KOTAKBANK,2014.0,21.08,58.84,15.1,4.5,1.33,0.1,,,16.0,654.0,2.0,85937.0,,,,,36.94
KOTAKBANK,2015.0,23.31,72.96,15.1,4.71,1.19,0.09,,,20.0,654.0,2.0,104258.0,,,,,37.52
KOTAKBANK,2016.0,17.27,56.57,15.1,5.39,1.51,0.08,,,19.0,654.0,3.0,179679.0,,,,,34.05
KOTAKBANK,2017.0,22.48,66.44,15.1,5.33,1.27,0.08,,,27.0,654.0,2.0,205230.0,,,,,36.6
KOTAKBANK,2018.0,24.9,66.87,15.1,4.95,1.23,0.07,,,33.0,654.0,2.0,249840.0,,18.32,22.83,17.08,57.89
KOTAKBANK,2019.0,24.15,66.23,15.1,5.05,1.22,0.08,,,38.0,654.0,2.0,291763.0,,20.0,23.31,18.89,59.45
KOTAKBANK,2020.0,25.67,67.45,15.1,4.9,1.34,0.08,,,45.0,654.0,0.0,326477.0,,20.24,22.58,17.61,59.97
KOTAKBANK,2021.0,30.44,90.83,15.1,3.88,1.26,0.07,,,50.0,654.0,2.0,327110.0,,9.97,23.17,21.35,49.69
KOTAKBANK,2022.0,35.83,90.98,15.1,3.78,1.23,0.06,,,61.0,654.0,2.0,365747.0,,8.61,19.22,17.7,47.54
KOTAKBANK,2023.0,35.41,79.44,15.1,3.75,1.29,0.07,,,75.0,654.0,2.0,418807.0,,10.9,18.99,17.84,51.61
KOTAKBANK,2024.0,32.39,83.67,15.1,4.0,1.24,0.07,,,92.0,654.0,2.0,520374.0,,13.52,20.38,19.34,54.93
LICI,2019.0,0.46,1.04,63.61,332.59,,0.17,,,,154.0,2.0,269401.0,,,,,35.91
LICI,2020.0,0.43,-1.11,63.61,252.91,,0.18,,,,154.0,2.0,253414.0,,,,,35.98
LICI,2021.0,0.43,-0.04,63.61,0.0,,0.18,,,7.0,154.0,0.0,4.0,,,,,35.98
LICI,2022.0,0.57,0.46,63.61,0.0,,0.17,,,57.0,154.0,23.0,1.0,,,,,35.93
LICI,2023.0,4.59,4.36,63.61,0.0,545.55,0.17,,,65.0,154.0,5.0,0.0,,,,,39.73
LICI,2024.0,4.84,3.87,63.61,0.0,371.94,0.16,,,66.0,154.0,15.0,0.0,,8.16,73.18,,48.7
LODHA,2011.0,12.15,23.47,10.7,7.52,2.31,0.23,,,6.0,183.0,0.0,5596.0,,,,,25.43
LODHA,2012.0,12.9,24.51,10.7,3.78,3.34,0.32,,,9.0,183.0,0.0,4259.0,,,,,27.88
LODHA,2015.0,12.8,23.52,10.7,3.6,3.84,0.22,,,18.0,183.0,0.0,11852.0,,,,,26.08
LODHA,2016.0,8.52,25.77,10.7,3.48,2.67,0.27,,,16.0,183.0,0.0,13835.0,,30.58,21.64,21.67,46.27
LODHA,2017.0,7.37,20.36,10.7,4.01,2.99,0.23,,,13.0,183.0,0.0,16183.0,,21.82,8.92,7.63,43.19
LODHA,2018.0,8.21,17.38,10.7,4.39,5.04,0.24,,,10.0,183.0,0.0,22616.0,,,,,21.47
LODHA,2019.0,13.81,26.7,10.7,6.68,5.72,0.24,,,21.0,183.0,0.0,25641.0,,,,,27.49
LODHA,2020.0,5.96,15.41,10.7,4.05,2.75,0.31,,,9.0,183.0,0.0,18423.0,,14.82,-1.44,-12.94,38.07
LODHA,2021.0,0.88,25.38,10.7,3.96,1.09,0.14,,,1.0,183.0,0.0,18193.0,,-7.96,-41.54,-42.57,12.61
LODHA,2022.0,13.08,23.68,10.7,0.95,3.6,0.24,,,12.0,183.0,20.0,11537.0,,3.1,15.65,-1.59,30.47
LODHA,2023.0,5.17,21.8,10.7,0.72,2.13,0.24,,,5.0,183.0,14.0,9060.0,,-0.43,-9.2,-12.94,19.9
LODHA,2024.0,15.06,25.83,10.7,0.44,5.63,0.22,,,16.0,183.0,,7698.0,,-2.83,-1.12,-5.29,29.65
LT,2013.0,7.11,15.31,10.49,0.17,3.0,31.97,,,38.0,635.0,22.0,234.0,,,,,33.34
LT,2014.0,5.74,16.56,10.49,0.07,2.37,31.9,,,35.0,635.0,27.0,110.0,,,,,32.05
LT,2015.0,5.4,17.06,10.49,0.11,2.35,30.87,,,34.0,635.0,32.0,218.0,,,,,31.77
LT,2016.0,4.54,15.31,10.49,0.03,2.42,32.24,,,31.0,635.0,40.0,55.0,,,,,30.79
LT,2017.0,5.93,15.2,10.49,0.0,2.65,24.75,,,43.0,635.0,22.0,0.0,,,,,32.13
LT,2018.0,6.69,16.8,10.49,0.0,2.8,22.43,,,53.0,635.0,30.0,0.0,,9.97,8.63,6.88,44.09
LT,2019.0,7.56,16.91,10.49,0.0,2.74,20.29,,,63.0,635.0,28.0,0.0,,9.72,15.9,12.47,44.77
LT,2020.0,7.49,16.88,10.49,0.17,2.5,16.5,,,68.0,635.0,26.0,912.0,,9.61,17.01,14.87,44.44
LT,2021.0,9.5,17.25,10.49,0.11,2.69,12.7,,,82.0,635.0,44.0,798.0,,6.1,22.99,21.48,42.59
LT,2022.0,6.66,15.53,10.49,0.02,2.89,7.61,,,62.0,635.0,36.0,258.0,,7.44,9.94,7.59,40.44
LT,2023.0,6.83,14.82,10.49,0.09,3.18,7.81,,,75.0,635.0,32.0,1541.0,,8.9,9.38,7.19,42.69
LT,2024.0,7.03,13.51,10.49,0.1,3.54,8.03,,,95.0,635.0,36.0,2071.0,,10.34,8.76,8.56,45.25
LTIM,2013.0,14.59,22.59,26.04,0.17,42.48,1.65,,,174.0,711.0,54.0,234.0,,,,,57.86
LTIM,2014.0,20.24,23.31,26.04,0.07,44.0,1.85,,,309.0,711.0,55.0,110.0,,,,,62.47
LTIM,2015.0,15.45,20.19,26.04,0.11,110.4,1.67,,,238.0,711.0,63.0,218.0,,,,,58.9
LTIM,2016.0,14.3,17.58,26.04,0.03,202.5,1.86,,,49.0,711.0,72.0,55.0,,,,,58.02
LTIM,2017.0,14.94,18.92,26.04,0.0,472.33,1.47,,,57.0,711.0,29.0,0.0,,,,,57.84
LTIM,2018.0,15.22,16.25,26.04,0.0,100.81,1.37,,,65.0,711.0,33.0,0.0,,13.66,14.62,-17.88,74.3
LTIM,2019.0,16.05,19.93,26.04,0.0,198.64,1.42,,,87.0,711.0,32.0,0.0,,13.93,8.76,-22.39,75.66
LTIM,2020.0,13.97,18.65,26.04,0.17,28.41,1.23,,,87.0,711.0,32.0,912.0,,16.92,14.6,-18.23,75.27
LTIM,2021.0,15.67,22.03,26.04,0.11,37.96,1.16,,,111.0,711.0,36.0,798.0,,16.17,18.31,17.77,76.28
LTIM,2022.0,15.13,20.1,26.04,0.02,48.9,1.27,,,225.0,711.0,41.0,258.0,,32.06,32.4,31.6,81.29
LTIM,2023.0,13.29,18.41,26.04,0.09,44.43,1.41,,,149.0,711.0,40.0,1541.0,,35.35,31.72,18.05,80.42
LTIM,2024.0,12.91,17.98,26.04,0.1,31.93,1.29,,,155.0,711.0,42.0,2071.0,,30.33,24.78,12.24,78.63
M&M,2013.0,6.01,13.27,17.99,1.44,4.33,0.9,,,33.0,567.0,19.0,28711.0,,,,,37.78
M&M,2014.0,6.96,13.74,17.99,1.51,3.7,0.84,,,38.0,567.0,18.0,35167.0,,,,,37.95
M&M,2015.0,4.73,12.31,17.99,1.47,3.04,0.76,,,25.0,567.0,23.0,37911.0,,,,,34.72
M&M,2016.0,4.69,13.29,17.99,1.57,3.41,0.76,,,25.0,567.0,21.0,41553.0,,,,,34.63
M&M,2017.0,4.84,12.81,17.99,1.64,3.51,0.74,,,30.0,567.0,22.0,48762.0,,,,,34.63
M&M,2018.0,8.64,14.36,17.99,1.52,4.41,0.68,,,60.0,567.0,11.0,55898.0,,6.04,14.02,12.7,44.41
M&M,2019.0,5.75,14.52,17.99,1.77,3.56,0.65,,,43.0,567.0,17.0,70848.0,,7.19,3.14,2.5,41.82
M&M,2020.0,-0.43,13.48,17.99,2.05,1.83,0.45,,,1.0,567.0,205.0,82092.0,,1.08,,-47.47,29.55
M&M,2021.0,2.04,15.46,17.99,1.94,2.07,0.45,,,15.0,567.0,54.0,80625.0,,-0.42,-15.71,-9.71,30.21
M&M,2022.0,8.04,16.28,17.99,1.65,3.56,0.52,,,53.0,567.0,20.0,77605.0,,1.48,12.35,12.05,37.99
M&M,2023.0,9.38,16.73,17.99,1.64,4.16,0.59,,,83.0,567.0,18.0,92247.0,,5.66,7.4,6.71,43.59
M&M,2024.0,8.82,17.9,17.99,1.64,3.76,0.59,,,91.0,567.0,21.0,108647.0,,5.84,15.32,16.18,43.37
MARUTI,2013.0,5.58,9.84,15.75,0.08,26.05,1.61,,,82.0,2835.0,10.0,1569.0,,,,,37.68
MARUTI,2014.0,6.41,11.92,15.75,0.09,32.79,1.42,,,94.0,2835.0,13.0,2004.0,,,,,37.62
MARUTI,2015.0,7.5,13.57,15.75,0.03,35.36,1.47,,,126.0,2835.0,20.0,666.0,,,,,39.15
MARUTI,2016.0,9.55,15.67,15.75,0.01,127.9,1.35,,,182.0,2835.0,19.0,231.0,,,,,40.96
MARUTI,2017.0,11.03,15.31,15.75,0.01,144.04,1.31,,,249.0,2835.0,30.0,484.0,,,,,42.18
MARUTI,2018.0,9.87,15.18,15.75,0.0,41.25,1.32,,,261.0,2835.0,31.0,121.0,,12.49,26.12,26.06,56.39
MARUTI,2019.0,8.89,12.85,15.75,0.0,180.53,1.35,,,253.0,2835.0,32.0,160.0,,14.08,21.8,21.9,57.62
MARUTI,2020.0,7.5,9.72,15.75,0.0,80.34,1.19,,,188.0,2835.0,32.0,184.0,,8.29,8.31,8.33,46.7
MARUTI,2021.0,6.24,7.69,15.75,0.01,82.91,0.99,,,145.0,2835.0,31.0,541.0,,4.09,-4.4,-4.44,39.6
MARUTI,2022.0,4.39,6.51,15.75,0.01,59.94,1.18,,,128.0,2835.0,47.0,426.0,,5.34,-12.38,-12.46,40.27
MARUTI,2023.0,6.98,11.08,15.75,0.02,61.65,1.18,,,274.0,2835.0,34.0,1248.0,,8.21,0.95,0.98,45.83
MARUTI,2024.0,9.51,13.13,15.75,0.0,117.91,1.23,,,429.0,2835.0,29.0,119.0,,10.51,12.01,11.14,52.53
MOTHERSON,2013.0,1.79,5.85,11.8,2.14,7.19,1.99,,,1.0,46.0,26.0,4904.0,,,,,28.78
MOTHERSON,2014.0,3.61,7.88,11.8,1.64,9.21,2.0,,,2.0,46.0,29.0,4840.0,,,,,30.79
MOTHERSON,2015.0,3.73,8.21,11.8,1.54,9.61,1.99,,,2.0,46.0,31.0,5131.0,,,,,30.77
MOTHERSON,2016.0,4.77,9.53,11.8,1.38,10.8,1.89,,,3.0,46.0,26.0,6069.0,,,,,31.78
MOTHERSON,2017.0,5.13,9.84,11.8,1.25,12.05,1.33,,,3.0,46.0,18.0,10349.0,,,,,30.29
MOTHERSON,2018.0,4.01,9.11,11.8,1.05,12.78,1.52,,,3.0,46.0,30.0,10374.0,,17.35,37.97,24.57,50.27
MOTHERSON,2019.0,3.3,8.42,11.8,1.05,13.43,1.49,,,3.0,46.0,29.0,11534.0,,15.87,13.85,8.45,48.14
MOTHERSON,2020.0,2.13,7.66,11.8,1.17,8.93,1.35,,,2.0,46.0,40.0,13136.0,,11.87,0.03,0.0,41.7
MOTHERSON,2021.0,2.73,7.62,11.8,0.95,9.64,1.2,,,2.0,46.0,46.0,11930.0,,9.04,-2.43,-7.79,37.23
MOTHERSON,2022.0,1.85,7.39,11.8,0.69,9.74,1.14,,,1.0,46.0,34.0,14130.0,,8.52,-11.46,-19.73,34.99
MOTHERSON,2023.0,2.12,7.93,11.8,0.61,8.09,1.28,,,2.0,46.0,29.0,13792.0,,6.95,-5.87,-7.79,34.31
MOTHERSON,2024.0,3.06,9.45,11.8,0.76,5.22,1.17,,,4.0,46.0,20.0,19922.0,,9.21,7.56,5.92,37.5
NAUKRI,2013.0,16.1,25.64,2.44,0.0,48.33,0.57,,,8.0,3225.0,12.0,1.0,,,,,28.26
NAUKRI,2014.0,10.58,17.11,2.44,0.0,48.33,0.53,,,8.0,3225.0,30.0,1.0,,,,,21.93
NAUKRI,2015.0,-1.91,2.87,2.44,0.0,27.5,0.33,,,2.0,3225.0,150.0,1.0,,,,,9.52
NAUKRI,2016.0,15.78,12.17,2.44,0.0,67.33,0.39,,,11.0,3225.0,27.0,1.0,,,,,26.6
NAUKRI,2017.0,-4.84,-1.01,2.44,0.0,10.25,0.43,,,-2.0,3225.0,-230.0,1.0,,,,,10.14
NAUKRI,2018.0,50.71,22.17,2.44,0.0,124.0,0.38,,,42.0,3225.0,13.0,1.0,,15.92,45.82,39.33,52.75
NAUKRI,2019.0,51.43,0.78,2.44,0.0,106.57,0.36,,,49.0,3225.0,12.0,1.0,,15.21,58.06,43.69,52.04
NAUKRI,2020.0,-18.75,-26.68,2.44,0.04,-4.57,0.45,,,-19.0,3225.0,-31.0,77.0,,12.38,,,24.8
NAUKRI,2021.0,125.71,6.56,2.44,0.01,150.73,0.18,,,110.0,3225.0,7.0,65.0,,8.56,64.42,58.49,39.95
NAUKRI,2022.0,810.7,28.07,2.44,0.0,1296.0,0.08,,,991.0,3225.0,1.0,64.0,,12.34,,,42.94
NAUKRI,2023.0,-2.98,14.83,2.44,0.01,12.89,0.14,,,-8.0,3225.0,-228.0,108.0,,18.88,,,27.39
NAUKRI,2024.0,23.46,28.04,2.44,0.01,28.97,0.07,,,44.0,3225.0,49.0,246.0,,17.12,0.1,-2.13,44.2
NESTLEIND,2013.0,12.27,21.4,135.61,0.5,55.27,1.44,,,12.0,41.0,42.0,1189.0,,,,,60.32
NESTLEIND,2014.0,12.02,20.69,135.61,0.01,151.86,1.69,,,12.0,41.0,51.0,20.0,,,,,60.7
NESTLEIND,2015.0,6.89,19.02,135.61,0.01,388.0,1.34,,,6.0,41.0,83.0,18.0,,,,,53.7
NESTLEIND,2016.0,10.95,20.24,135.61,0.01,21.87,1.34,,,10.0,41.0,61.0,33.0,,,,,58.32
NESTLEIND,2017.0,12.24,20.95,135.61,0.01,24.72,1.36,,,13.0,41.0,68.0,35.0,,,,,59.92
NESTLEIND,2018.0,14.23,23.18,135.61,0.01,25.69,1.4,,,17.0,41.0,69.0,35.0,,4.41,7.55,7.21,67.25
NESTLEIND,2019.0,15.91,23.66,135.61,0.1,24.6,1.72,,,20.0,41.0,168.0,189.0,,4.65,10.68,10.76,70.46
NESTLEIND,2020.0,15.6,23.99,135.61,0.07,20.41,1.69,,,22.0,41.0,93.0,147.0,,10.31,29.9,29.67,76.79
NESTLEIND,2021.0,14.37,24.16,135.61,0.14,17.08,1.79,,,22.0,41.0,91.0,266.0,,10.03,16.17,17.08,75.14
NESTLEIND,2022.0,14.15,21.93,135.61,0.11,24.6,1.88,,,25.0,41.0,89.0,271.0,,11.04,14.31,13.97,76.79
NESTLEIND,2023.0,15.68,23.38,135.61,0.11,38.55,2.13,,,31.0,41.0,56.0,271.0,,11.11,13.29,12.77,79.16
NESTLEIND,2024.0,16.12,23.83,135.61,0.1,41.19,2.32,,,41.0,41.0,79.0,345.0,,14.55,14.85,15.44,84.21
NHPC,2013.0,45.02,65.07,9.61,0.68,9.41,0.1,,,2.0,40.0,28.0,20340.0,,,,,32.89
NHPC,2014.0,22.1,58.76,9.61,0.74,4.35,0.12,,,1.0,40.0,27.0,20819.0,,,,,30.2
NHPC,2015.0,34.03,62.45,9.61,0.67,5.19,0.13,,,2.0,40.0,27.0,20584.0,,,,,33.39
NHPC,2016.0,28.31,57.25,9.61,0.63,5.14,0.13,,,2.0,40.0,81.0,19938.0,,,,,32.61
NHPC,2017.0,40.36,56.64,9.61,0.66,6.29,0.14,,,3.0,40.0,61.0,19227.0,,,,,33.97
NHPC,2018.0,35.91,54.78,9.61,0.62,5.88,0.12,,,2.0,40.0,57.0,18602.0,,3.98,-0.62,0.0,37.55
NHPC,2019.0,31.57,55.45,9.61,0.62,7.49,0.13,,,3.0,40.0,56.0,19066.0,,3.98,11.67,24.57,37.54
NHPC,2020.0,33.42,54.42,9.61,0.74,6.56,0.14,,,3.0,40.0,52.0,23226.0,,4.01,3.64,8.45,38.01
NHPC,2021.0,37.31,54.7,9.61,0.71,11.03,0.13,,,3.0,40.0,49.0,23365.0,,2.92,8.77,8.45,37.18
NHPC,2022.0,41.27,43.89,9.61,0.75,8.52,0.12,,,4.0,40.0,52.0,26096.0,,1.18,1.64,5.92,35.86
NHPC,2023.0,40.17,58.3,9.61,0.8,14.58,0.12,,,4.0,40.0,48.0,29540.0,,6.46,8.88,14.87,40.36
NHPC,2024.0,41.82,49.91,9.61,0.84,11.24,0.1,,,4.0,40.0,53.0,32561.0,,1.4,7.27,5.92,35.45
NTPC,2013.0,17.6,25.38,12.52,0.87,9.2,0.4,,,13.0,174.0,38.0,70419.0,,,,,36.84
NTPC,2014.0,14.56,25.18,12.52,0.93,6.9,0.39,,,12.0,174.0,42.0,81455.0,,,,,33.75
NTPC,2015.0,12.5,21.7,12.52,1.25,5.37,0.36,,,10.0,174.0,21.0,102252.0,,,,,31.31
NTPC,2016.0,14.69,25.3,12.52,1.09,5.87,0.33,,,11.0,174.0,26.0,99424.0,,,,,33.23
NTPC,2017.0,13.06,26.33,12.52,1.16,6.18,0.33,,,11.0,174.0,37.0,113773.0,,,,,31.42
NTPC,2018.0,11.92,25.53,12.52,1.26,6.31,0.31,,,11.0,174.0,40.0,130049.0,,4.25,-3.56,-3.29,34.48
NTPC,2019.0,13.99,22.65,12.52,1.55,4.55,0.29,,,14.0,174.0,44.0,173058.0,,5.07,4.24,3.13,37.19
NTPC,2020.0,10.87,28.86,12.52,1.71,4.86,0.29,,,12.0,174.0,27.0,202984.0,,6.48,3.56,3.71,35.19
NTPC,2021.0,13.42,30.52,12.52,1.67,4.24,0.28,,,15.0,174.0,41.0,210208.0,,8.73,6.78,6.4,40.48
NTPC,2022.0,12.78,30.42,12.52,1.56,4.82,0.32,,,17.0,174.0,41.0,210707.0,,10.09,9.62,9.1,42.62
NTPC,2023.0,9.72,27.01,12.52,1.52,4.38,0.39,,,17.0,174.0,42.0,222913.0,,14.88,10.27,9.1,46.63
NTPC,2024.0,11.95,28.83,12.52,1.48,4.6,0.37,,,21.0,174.0,36.0,237131.0,,12.22,8.74,8.45,45.53
ONGC,2013.0,14.81,26.86,14.32,0.14,101.22,0.64,,,19.0,275.0,34.0,20686.0,,,,,37.97
ONGC,2014.0,15.31,28.22,14.32,0.29,90.22,0.54,,,21.0,275.0,31.0,49113.0,,,,,37.75
ONGC,2015.0,11.0,26.29,14.32,0.3,16.85,0.48,,,14.0,275.0,44.0,53944.0,,,,,32.61
ONGC,2016.0,10.56,31.55,14.32,0.23,10.67,0.36,,,10.0,275.0,56.0,45500.0,,,,,31.27
ONGC,2017.0,10.33,18.69,14.32,0.41,18.25,0.64,,,19.0,275.0,40.0,80029.0,,,,,33.2
ONGC,2018.0,8.08,17.63,14.32,0.52,13.47,0.7,,,17.0,275.0,38.0,106550.0,,14.78,1.67,-2.2,49.59
ONGC,2019.0,8.05,17.75,14.32,0.5,14.46,0.86,,,24.0,275.0,29.0,107742.0,,19.35,4.94,2.71,55.43
ONGC,2020.0,2.89,13.13,14.32,0.63,7.09,0.78,,,9.0,275.0,58.0,129473.0,,19.78,-8.34,-8.46,49.27
ONGC,2021.0,7.03,16.28,14.32,0.6,11.96,0.56,,,13.0,275.0,28.0,133187.0,,19.63,10.27,5.39,50.53
ONGC,2022.0,10.03,16.26,14.32,0.47,15.22,0.84,,,36.0,275.0,29.0,121986.0,,11.7,11.06,13.63,50.04
ONGC,2023.0,5.18,11.94,14.32,0.51,9.57,1.03,,,28.0,275.0,40.0,142255.0,,14.4,4.69,10.49,49.72
ONGC,2024.0,9.66,17.39,14.32,0.45,11.36,0.83,,,39.0,275.0,31.0,153181.0,,7.0,10.97,10.2,42.81
PFC,2013.0,25.63,34.58,19.49,5.89,0.55,0.1,,,13.0,333.0,21.0,139473.0,,,,,45.5
PFC,2014.0,25.52,35.54,19.49,5.79,0.58,0.11,,,17.0,333.0,22.0,159215.0,,,,,45.69
PFC,2015.0,24.03,33.73,19.49,5.79,0.55,0.11,,,18.0,333.0,20.0,187795.0,,,,,45.29
PFC,2016.0,22.2,32.88,19.49,5.57,0.55,0.11,,,19.0,333.0,30.0,200660.0,,,,,44.54
PFC,2017.0,8.11,19.13,19.49,5.51,0.32,0.11,,,7.0,333.0,59.0,202993.0,,,,,32.3
PFC,2018.0,18.09,24.17,19.49,11.07,0.39,0.09,,,20.0,333.0,31.0,441151.0,,22.94,14.66,9.0,65.29
PFC,2019.0,23.36,32.87,19.49,11.45,0.52,0.09,,,30.0,333.0,0.0,539488.0,,20.38,18.27,12.03,66.73
PFC,2020.0,15.24,22.53,19.49,12.08,0.35,0.09,,,22.0,333.0,35.0,596561.0,,20.0,9.56,4.1,61.67
PFC,2021.0,21.93,27.73,19.49,10.86,0.45,0.09,,,36.0,333.0,22.0,659682.0,,20.8,20.51,13.63,66.33
PFC,2022.0,24.61,30.6,19.49,9.21,0.52,0.1,,,42.0,333.0,23.0,660476.0,,22.56,53.03,43.1,68.53
PFC,2023.0,27.26,34.11,19.49,8.93,0.56,0.09,,,48.0,333.0,22.0,751158.0,,9.82,19.21,19.14,56.75
PFC,2024.0,28.92,36.69,19.49,8.52,0.58,0.09,,,60.0,333.0,23.0,861961.0,,11.08,15.92,14.87,59.43
PIDILITIND,2013.0,11.53,15.17,22.8,0.07,41.56,1.41,,,8.0,171.0,31.0,111.0,,,,,51.91
PIDILITIND,2014.0,10.51,15.69,22.8,0.02,44.38,1.46,,,9.0,171.0,31.0,46.0,,,,,51.24
PIDILITIND,2015.0,10.61,15.92,22.8,0.03,50.69,1.46,,,10.0,171.0,29.0,58.0,,,,,51.36
PIDILITIND,2016.0,15.05,21.88,22.8,0.03,96.46,1.44,,,16.0,171.0,26.0,80.0,,,,,56.09
PIDILITIND,2017.0,15.36,22.47,22.8,0.03,98.36,1.18,,,17.0,171.0,28.0,98.0,,,,,55.02
PIDILITIND,2018.0,15.89,22.06,22.8,0.03,93.38,1.17,,,19.0,171.0,32.0,125.0,,10.57,17.9,18.89,68.1
PIDILITIND,2019.0,13.11,19.37,22.8,0.03,57.73,1.2,,,18.0,171.0,36.0,113.0,,10.57,15.58,14.87,65.22
PIDILITIND,2020.0,15.38,21.61,22.8,0.06,49.21,1.12,,,22.0,171.0,32.0,288.0,,8.53,16.9,17.08,63.82
PIDILITIND,2021.0,15.44,23.12,22.8,0.06,47.57,0.83,,,22.0,171.0,38.0,331.0,,6.35,6.89,6.58,59.32
PIDILITIND,2022.0,12.17,18.71,22.8,0.06,45.12,1.04,,,24.0,171.0,42.0,416.0,,12.05,6.94,7.14,65.21
PIDILITIND,2023.0,10.92,16.83,22.8,0.05,42.52,1.12,,,25.0,171.0,44.0,391.0,,14.19,5.94,5.64,66.92
PIDILITIND,2024.0,14.11,21.87,22.8,0.05,54.33,1.03,,,34.0,171.0,47.0,382.0,,11.84,13.49,13.56,66.93
PNB,2013.0,11.66,,8.7,10.83,,5.63,,,28.0,110.0,19.0,6695.0,,,,,36.32
PNB,2014.0,8.17,,8.7,10.82,,3.9,,,20.0,110.0,10.0,10108.0,,,,,32.67
PNB,2015.0,7.24,,8.7,10.44,,2.56,,,18.0,110.0,18.0,16481.0,,,,,31.28
PNB,2016.0,-6.91,,8.7,12.12,,1.71,,,-19.0,110.0,-2.0,26014.0,,,,,22.53
PNB,2017.0,2.58,,8.7,6.36,,1.12,,,6.0,110.0,0.0,35497.0,,,,,22.36
PNB,2018.0,-24.86,,8.7,8.19,,0.77,,,-44.0,110.0,0.0,53777.0,,2.5,,,20.02
PNB,2019.0,-18.31,,8.7,9.66,,0.62,,,-21.0,110.0,0.0,71859.0,,3.01,,,18.02
PNB,2020.0,0.88,,8.7,8.52,,0.7,,,1.0,110.0,0.0,67736.0,,2.43,-32.75,-43.9,20.47
PNB,2021.0,3.29,,8.7,6.7,,1.15,,,2.0,110.0,0.0,59394.0,,10.03,,,35.06
PNB,2022.0,5.13,,8.7,5.4,,1.16,,,4.0,110.0,18.0,52961.0,,9.67,25.83,-7.79,36.52
PNB,2023.0,3.87,,8.7,4.9,,1.3,,,3.0,110.0,21.0,53621.0,,12.25,,,39.8
PNB,2024.0,8.4,,8.7,3.68,,1.51,,,8.0,110.0,18.0,55017.0,,15.9,,,49.97
POWERGRID,2013.0,32.97,82.85,19.0,2.62,4.54,0.12,,,5.0,99.0,31.0,69233.0,,,,,46.55
POWERGRID,2014.0,29.24,83.36,19.0,2.43,4.21,0.11,,,5.0,99.0,30.0,84220.0,,,,,45.8
POWERGRID,2015.0,28.77,85.1,19.0,2.5,3.84,0.11,,,5.0,99.0,21.0,96243.0,,,,,45.63
POWERGRID,2016.0,28.85,88.05,19.0,2.47,3.7,0.12,,,6.0,99.0,20.0,108545.0,,,,,46.01
POWERGRID,2017.0,29.0,87.36,19.0,2.39,3.77,0.13,,,8.0,99.0,31.0,118988.0,,,,,46.46
POWERGRID,2018.0,27.39,86.67,19.0,2.42,4.1,0.13,,,9.0,99.0,33.0,131503.0,,18.02,13.72,12.47,66.78
POWERGRID,2019.0,28.62,76.78,19.0,2.48,3.25,0.14,,,11.0,99.0,43.0,146376.0,,17.65,17.15,17.08,67.02
POWERGRID,2020.0,29.3,87.13,19.0,2.29,3.75,0.15,,,12.0,99.0,47.0,148270.0,,16.56,16.99,19.14,66.54
POWERGRID,2021.0,30.36,88.06,19.0,2.05,4.39,0.16,,,13.0,99.0,52.0,143232.0,,13.93,15.1,16.72,64.19
POWERGRID,2022.0,40.42,86.07,19.0,1.77,5.04,0.17,,,18.0,99.0,61.0,134696.0,,10.13,17.69,17.61,60.04
POWERGRID,2023.0,33.81,86.78,19.0,1.55,4.22,0.18,,,17.0,99.0,67.0,128584.0,,8.77,13.45,13.56,57.76
POWERGRID,2024.0,33.97,86.87,19.0,1.42,4.6,0.18,,,17.0,99.0,67.0,123516.0,,5.51,9.19,9.1,54.02
RECLTD,2013.0,28.11,97.33,22.2,6.15,1.64,0.1,,,15.0,279.0,21.0,107762.0,,,,,48.41
RECLTD,2014.0,27.53,96.67,22.2,6.07,1.66,0.11,,,18.0,279.0,20.0,126173.0,,,,,48.53
RECLTD,2015.0,26.01,94.41,22.2,6.02,1.64,0.11,,,20.0,279.0,20.0,150979.0,,,,,48.1
RECLTD,2016.0,23.59,93.04,22.2,5.86,1.57,0.12,,,22.0,279.0,30.0,169212.0,,,,,47.7
RECLTD,2017.0,25.94,92.24,22.2,4.99,1.67,0.12,,,24.0,279.0,30.0,167852.0,,,,,48.41
RECLTD,2018.0,19.64,85.09,22.2,6.27,1.45,0.09,,,17.0,279.0,41.0,204367.0,,10.69,3.03,2.53,57.57
RECLTD,2019.0,22.6,93.3,22.2,7.07,1.52,0.09,,,22.0,279.0,38.0,244249.0,,8.09,3.9,4.1,55.0
RECLTD,2020.0,16.61,86.7,22.2,8.09,1.37,0.09,,,19.0,279.0,44.0,286289.0,,7.82,-1.43,-1.02,51.4
RECLTD,2021.0,23.56,90.74,22.2,7.53,1.5,0.09,,,32.0,279.0,30.0,329723.0,,8.07,8.04,7.78,55.33
RECLTD,2022.0,25.55,87.68,22.2,6.49,1.56,0.1,,,38.0,279.0,30.0,333043.0,,10.04,9.71,9.63,59.31
RECLTD,2023.0,28.28,95.29,22.2,6.55,1.59,0.08,,,42.0,279.0,30.0,380790.0,,11.75,20.2,19.83,61.64
RECLTD,2024.0,29.77,100.77,22.2,6.42,1.6,0.09,,,54.0,279.0,30.0,445568.0,,13.34,19.76,19.67,64.83
RELIANCE,2013.0,5.27,8.37,9.25,0.59,11.81,1.09,,,15.0,606.0,13.0,107219.0,,,,,26.01
RELIANCE,2014.0,5.2,8.06,9.25,0.7,11.42,1.01,,,16.0,606.0,12.0,138761.0,,,,,25.47
RELIANCE,2015.0,6.31,10.0,9.25,0.77,13.87,0.74,,,17.0,606.0,12.0,168251.0,,,,,23.66
RELIANCE,2016.0,10.95,15.33,9.25,0.84,14.63,0.46,,,22.0,606.0,10.0,194714.0,,,,,25.89
RELIANCE,2017.0,9.81,15.23,9.25,0.82,14.43,0.43,,,22.0,606.0,11.0,217475.0,,,,,24.52
RELIANCE,2018.0,9.23,16.46,9.25,0.82,9.21,0.48,,,27.0,606.0,10.0,239843.0,,-0.26,11.55,12.47,26.02
RELIANCE,2019.0,7.01,14.82,9.25,0.79,5.62,0.57,,,29.0,606.0,10.0,307714.0,,5.56,12.06,12.63,28.33
RELIANCE,2020.0,6.68,14.96,9.25,0.79,4.44,0.51,,,29.0,606.0,10.0,355133.0,,9.77,11.03,11.27,32.39
RELIANCE,2021.0,11.52,17.33,9.25,0.4,4.87,0.35,,,39.0,606.0,9.0,278962.0,,11.34,12.47,12.13,39.27
RELIANCE,2022.0,9.77,15.63,9.25,0.41,8.79,0.46,,,45.0,606.0,9.0,319158.0,,17.98,17.86,15.39,45.51
RELIANCE,2023.0,8.45,16.24,9.25,0.63,7.89,0.55,,,49.0,606.0,9.0,451664.0,,17.53,15.48,12.66,44.21
RELIANCE,2024.0,8.79,18.07,9.25,0.58,7.73,0.51,,,51.0,606.0,10.0,458991.0,,9.61,14.68,11.95,34.92
SBILIFE,2013.0,4.24,2.87,12.0,0.0,179.75,0.28,,,6.0,162.0,8.0,0.0,,,,,19.75
SBILIFE,2014.0,4.22,2.96,12.0,0.0,171.0,0.28,,,7.0,162.0,14.0,0.0,,,,,19.72
SBILIFE,2015.0,3.48,3.39,12.0,0.0,244.25,0.32,,,8.0,162.0,15.0,0.0,,,,,19.82
SBILIFE,2016.0,4.37,4.76,12.0,0.0,209.8,0.23,,,8.0,162.0,14.0,0.0,,,,,19.12
SBILIFE,2017.0,3.13,3.5,12.0,0.0,241.4,0.3,,,10.0,162.0,16.0,0.0,,,,,18.9
SBILIFE,2018.0,3.38,3.91,12.0,0.0,248.0,0.28,,,12.0,162.0,17.0,0.0,,18.03,12.79,14.87,39.72
SBILIFE,2019.0,2.98,3.3,12.0,0.0,217.5,0.3,,,13.0,162.0,15.0,0.0,,20.91,12.76,13.18,41.32
SBILIFE,2020.0,3.25,3.08,12.0,0.0,,0.26,,,14.0,162.0,0.0,0.0,,13.36,11.78,11.84,34.69
SBILIFE,2021.0,1.78,1.06,12.0,0.0,,0.36,,,15.0,162.0,17.0,0.0,,33.49,11.52,13.4,43.23
SBILIFE,2022.0,1.81,0.88,12.0,0.0,,0.3,,,15.0,162.0,13.0,0.0,,22.12,9.54,8.45,40.85
SBILIFE,2023.0,2.13,0.15,12.0,0.0,198.4,0.26,,,17.0,162.0,15.0,0.0,,18.81,8.4,7.21,38.51
SBILIFE,2024.0,1.43,0.19,12.0,0.0,240.33,0.33,,,19.0,162.0,14.0,0.0,,24.23,7.37,7.89,41.71
SBIN,2013.0,11.05,-3.05,17.3,,0.26,,,,26.0,465.0,16.0,,,,,,28.84
SBIN,2014.0,7.83,-7.73,17.3,,0.19,,,,19.0,465.0,16.0,,,,,,25.19
SBIN,2015.0,8.57,-10.52,17.3,,0.21,,,,23.0,465.0,15.0,,,,,,26.14
SBIN,2016.0,5.9,-14.68,17.3,,0.14,,,,16.0,465.0,17.0,,,,,,23.2
SBIN,2017.0,-0.04,-27.92,17.3,,0.03,,,,0.0,465.0,859.0,,,,,,17.89
SBIN,2018.0,-1.64,-37.86,17.3,,-0.06,,,,-5.0,465.0,0.0,,,6.39,,,24.55
SBIN,2019.0,1.32,-27.1,17.3,,0.06,,,,3.0,465.0,0.0,,,6.03,-25.71,-30.87,25.14
SBIN,2020.0,7.83,-23.78,17.3,,0.21,,,,22.0,465.0,0.0,,,5.35,3.46,-0.89,31.16
SBIN,2021.0,8.59,-25.43,17.3,,0.23,,,,25.0,465.0,16.0,,,4.74,12.91,9.34,31.79
SBIN,2022.0,12.82,-21.92,17.3,,0.34,,,,40.0,465.0,18.0,,,4.7,,,36.22
SBIN,2023.0,16.46,-12.38,17.3,,0.42,,,,62.0,465.0,18.0,,,8.91,,,44.67
SBIN,2024.0,15.83,-13.73,17.3,,0.37,,,,75.0,465.0,18.0,,,11.63,83.41,90.37,48.14
SHREECEM,2013.0,18.53,28.81,12.2,,9.06,,,,288.0,5787.0,7.0,,,,,,28.42
SHREECEM,2014.0,13.77,24.32,12.2,,11.58,,,,226.0,5787.0,10.0,,,,,,24.11
SHREECEM,2015.0,6.81,21.47,12.2,,11.95,,,,122.0,5787.0,20.0,,,,,,16.3
SHREECEM,2016.0,20.73,25.52,12.2,,27.37,,,,328.0,5787.0,7.0,,,,,,29.56
SHREECEM,2017.0,15.58,29.24,12.2,,22.29,,,,384.0,5787.0,36.0,,,,,,26.11
SHREECEM,2018.0,14.08,25.15,12.2,,21.2,,,,397.0,5787.0,13.0,,,12.66,6.63,6.63,39.84
SHREECEM,2019.0,8.08,22.28,12.2,,11.56,,,,289.0,5787.0,21.0,,,17.05,5.22,5.04,37.98
SHREECEM,2020.0,12.0,29.31,12.2,,13.86,,,,426.0,5787.0,26.0,,,15.51,29.37,28.41,40.92
SHREECEM,2021.0,17.23,30.17,12.2,,18.0,,,,646.0,5787.0,9.0,,,19.72,15.38,14.52,49.66
SHREECEM,2022.0,8.45,24.72,12.2,,16.17,,,,352.0,5787.0,14.0,,,11.8,-1.07,-1.73,32.56
SHREECEM,2023.0,13.27,16.58,12.2,,13.0,,,,664.0,5787.0,28.0,,,12.67,11.35,10.83,39.18
SHREECEM,2024.0,8.45,22.02,12.2,,19.83,,,,480.0,5787.0,16.0,,,10.33,11.29,10.68,30.55
SHRIRAMFIN,2013.0,20.87,31.09,15.9,,0.71,,,,12.0,279.0,11.0,,,,,,34.82
SHRIRAMFIN,2014.0,16.02,23.58,15.9,,0.47,,,,11.0,279.0,12.0,,,,,,31.88
SHRIRAMFIN,2015.0,11.2,18.43,15.9,,0.36,,,,8.0,279.0,22.0,,,,,,26.53
SHRIRAMFIN,2016.0,11.43,17.61,15.9,,0.36,,,,9.0,279.0,19.0,,,,,,26.71
SHRIRAMFIN,2017.0,11.61,18.09,15.9,,0.38,,,,10.0,279.0,7.0,,,,,,26.88
SHRIRAMFIN,2018.0,18.88,28.18,15.9,,0.61,,,,20.0,279.0,10.0,,,14.01,11.74,10.76,50.82
SHRIRAMFIN,2019.0,16.58,24.47,15.9,,0.51,,,,20.0,279.0,11.0,,,12.88,13.66,12.7,48.04
SHRIRAMFIN,2020.0,15.17,21.53,15.9,,0.43,,,,20.0,279.0,5.0,,,12.53,19.57,20.11,46.17
SHRIRAMFIN,2021.0,14.34,19.53,15.9,,0.38,,,,18.0,279.0,18.0,,,10.96,16.11,14.87,43.11
SHRIRAMFIN,2022.0,14.13,19.04,15.9,,0.38,,,,20.0,279.0,20.0,,,12.05,16.54,14.87,44.34
SHRIRAMFIN,2023.0,19.74,28.86,15.9,,0.68,,,,32.0,279.0,22.0,,,17.69,18.75,9.86,54.62
SHRIRAMFIN,2024.0,20.33,28.92,15.9,,0.68,,,,39.0,279.0,23.0,,,18.56,23.49,14.29,55.71
SIEMENS,2011.0,7.26,9.8,19.1,,56.54,,,,,431.0,24.0,,,,,,27.37
SIEMENS,2014.0,5.65,1.11,19.1,,35.61,,,,17.0,431.0,35.0,,,,,,25.72
SIEMENS,2015.0,11.11,9.45,19.1,,64.7,,,,33.0,431.0,30.0,,,,,,31.65
SIEMENS,2016.0,26.89,9.42,19.1,,379.73,,,,82.0,431.0,41.0,,,-1.94,27.41,,43.32
SIEMENS,2017.0,10.28,9.54,19.1,,234.25,,,,32.0,431.0,22.0,,,,,,30.78
SIEMENS,2018.0,7.04,10.37,19.1,,200.88,,,,25.0,431.0,28.0,,,,,,27.04
SIEMENS,2019.0,8.4,11.39,19.1,,157.33,,,,31.0,431.0,23.0,,,4.15,12.76,12.77,33.43
SIEMENS,2020.0,7.73,10.08,19.1,,43.93,,,,22.0,431.0,32.0,,,-1.2,-8.11,-7.79,29.37
SIEMENS,2021.0,8.25,11.0,19.1,,73.88,,,,31.0,431.0,26.0,,,4.02,-17.87,-17.68,33.02
SIEMENS,2022.0,9.56,11.53,19.1,,65.19,,,,43.0,431.0,23.0,,,7.84,6.3,6.09,38.37
SIEMENS,2023.0,10.03,12.72,19.1,,129.7,,,,55.0,431.0,18.0,,,8.85,16.84,17.08,40.52
SIEMENS,2024.0,12.22,13.96,19.1,,67.15,,,,76.0,431.0,16.0,,,11.19,19.85,19.64,46.25
SUNPHARMA,2013.0,31.17,42.98,16.7,,109.16,,,,14.0,288.0,9.0,,,,,,38.8
SUNPHARMA,2014.0,24.12,43.55,16.7,,114.43,,,,15.0,288.0,10.0,,,,,,37.08
SUNPHARMA,2015.0,19.99,28.82,16.7,,14.12,,,,22.0,288.0,14.0,,,,,,35.15
SUNPHARMA,2016.0,19.86,28.69,16.7,,15.55,,,,19.0,288.0,5.0,,,,,,35.03
SUNPHARMA,2017.0,24.85,31.99,16.7,,26.78,,,,29.0,288.0,12.0,,,,,,37.27
SUNPHARMA,2018.0,9.6,21.26,16.7,,10.61,,,,9.0,288.0,23.0,,,18.93,-6.03,-8.46,47.12
SUNPHARMA,2019.0,11.04,21.94,16.7,,11.03,,,,11.0,288.0,25.0,,,12.57,-3.73,-6.01,42.55
SUNPHARMA,2020.0,12.7,21.26,16.7,,24.31,,,,16.0,288.0,25.0,,,3.69,-5.29,-6.17,33.11
SUNPHARMA,2021.0,6.78,25.29,16.7,,35.61,,,,12.0,288.0,62.0,,,3.29,-16.68,-8.78,26.21
SUNPHARMA,2022.0,8.77,26.54,16.7,,53.17,,,,14.0,288.0,73.0,,,4.13,-15.46,-13.55,29.6
SUNPHARMA,2023.0,19.4,26.55,16.7,,70.4,,,,35.0,288.0,33.0,,,10.62,27.34,31.21,47.5
SUNPHARMA,2024.0,19.82,26.84,16.7,,58.33,,,,40.0,288.0,34.0,,,10.78,24.54,29.46,47.89
TATACONSUM,2013.0,6.05,10.47,8.32,,9.83,,,,6.0,193.0,36.0,,,,,,9.8
TATACONSUM,2014.0,6.59,9.72,8.32,,10.6,,,,7.0,193.0,29.0,,,,,,10.02
TATACONSUM,2015.0,3.42,9.91,8.32,,8.72,,,,4.0,193.0,6.0,,,,,,6.97
TATACONSUM,2016.0,-0.56,5.51,8.32,,3.45,,,,0.0,193.0,-999.0,,,,,,4.21
TATACONSUM,2017.0,6.71,11.67,8.32,,20.44,,,,6.0,193.0,38.0,,,,,,10.23
TATACONSUM,2018.0,8.16,12.31,8.32,,17.54,,,,8.0,193.0,30.0,,,-1.5,4.55,5.92,13.51
TATACONSUM,2019.0,6.3,10.84,8.32,,11.67,,,,6.0,193.0,39.0,,,-1.29,-2.17,-3.04,11.38
TATACONSUM,2020.0,4.77,13.41,8.32,,16.36,,,,5.0,193.0,54.0,,,3.81,11.0,4.56,12.67
TATACONSUM,2021.0,8.02,13.31,8.32,,22.4,,,,9.0,193.0,44.0,,,11.82,,,26.03
TATACONSUM,2022.0,8.17,13.84,8.32,,20.77,,,,10.0,193.0,60.0,,,12.88,17.41,10.76,27.83
TATACONSUM,2023.0,9.58,13.47,8.32,,16.8,,,,12.0,193.0,65.0,,,15.13,18.88,8.45,32.09
TATACONSUM,2024.0,7.99,15.02,8.32,,25.32,,,,12.0,193.0,64.0,,,15.96,21.6,14.87,30.86
TATAMOTORS,2013.0,5.28,13.03,49.4,,6.97,,,,35.0,275.0,6.0,,,,,,34.44
TATAMOTORS,2014.0,6.03,14.97,49.4,,7.31,,,,48.0,275.0,5.0,,,,,,35.09
TATAMOTORS,2015.0,5.35,14.91,49.4,,8.22,,,,48.0,275.0,0.0,,,,,,34.5
TATAMOTORS,2016.0,4.28,14.06,49.4,,7.31,,,,40.0,275.0,1.0,,,,,,33.18
TATAMOTORS,2017.0,2.8,10.97,49.4,,7.42,,,,26.0,275.0,0.0,,,,,,31.52
TATAMOTORS,2018.0,3.12,10.79,49.4,,7.99,,,,31.0,275.0,0.0,,,9.08,-1.84,-2.4,42.16
TATAMOTORS,2019.0,-9.51,8.17,49.4,,-0.35,,,,-100.0,275.0,0.0,,,5.34,,,34.55
TATAMOTORS,2020.0,-4.59,6.89,49.4,,2.5,,,,-39.0,275.0,0.0,,,-0.16,,,30.88
TATAMOTORS,2021.0,-5.36,12.93,49.4,,2.61,,,,-41.0,275.0,0.0,,,-1.76,,,30.29
TATAMOTORS,2022.0,-4.06,8.88,49.4,,2.91,,,,-34.0,275.0,0.0,,,0.64,,,31.2
TATAMOTORS,2023.0,0.78,9.2,49.4,,3.76,,,,7.0,275.0,32.0,,,3.48,-21.62,-25.74,33.81
TATAMOTORS,2024.0,7.26,13.6,49.4,,6.53,,,,94.0,275.0,7.0,,,7.72,,,44.49
TATAPOWER,2013.0,0.37,16.86,11.3,,2.26,,,,0.0,105.0,-319.0,,,,,,8.13
TATAPOWER,2014.0,0.03,19.36,11.3,,2.08,,,,-1.0,105.0,-114.0,,,,,,8.08
TATAPOWER,2015.0,1.36,18.76,11.3,,1.99,,,,1.0,105.0,210.0,,,,,,8.79
TATAPOWER,2016.0,2.66,7.14,11.3,,1.91,,,,2.0,105.0,53.0,,,,,,9.87
TATAPOWER,2017.0,3.99,19.84,11.3,,2.01,,,,3.0,105.0,39.0,,,,,,11.24
TATAPOWER,2018.0,9.73,8.55,11.3,,2.36,,,,9.0,105.0,15.0,,,-4.15,84.24,,18.35
TATAPOWER,2019.0,8.72,10.27,11.3,,2.46,,,,9.0,105.0,15.0,,,-3.51,193.33,,17.48
TATAPOWER,2020.0,4.52,23.36,11.3,,2.02,,,,4.0,105.0,41.0,,,-2.81,23.56,31.95,13.02
TATAPOWER,2021.0,4.4,21.16,11.3,,2.17,,,,4.0,105.0,44.0,,,2.09,12.86,14.87,14.74
TATAPOWER,2022.0,5.04,16.42,11.3,,2.47,,,,5.0,105.0,32.0,,,9.19,14.41,10.76,22.92
TATAPOWER,2023.0,6.91,14.02,11.3,,3.03,,,,10.0,105.0,19.0,,,15.48,7.85,2.13,32.9
TATAPOWER,2024.0,6.97,17.47,11.3,,3.05,,,,12.0,105.0,17.0,,,15.51,10.43,5.92,33.08
TATASTEEL,2013.0,-5.4,2.94,6.55,,1.36,,,,-6.0,72.0,-11.0,,,,,,1.86
TATASTEEL,2014.0,2.47,10.89,6.55,,3.9,,,,3.0,72.0,27.0,,,,,,4.15
TATASTEEL,2015.0,-2.82,2.44,6.55,,1.94,,,,-3.0,72.0,-20.0,,,,,,2.22
TATASTEEL,2016.0,-0.49,-0.61,6.55,,2.3,,,,0.0,72.0,-203.0,,,,,,2.52
TATASTEEL,2017.0,-3.71,11.7,6.55,,1.84,,,,-4.0,72.0,-23.0,,,,,,2.17
TATASTEEL,2018.0,14.4,17.39,6.55,,5.93,,,,12.0,72.0,9.0,,,-1.76,,,18.52
TATASTEEL,2019.0,5.79,18.59,6.55,,4.03,,,,9.0,72.0,15.0,,,1.19,20.01,24.57,10.32
TATASTEEL,2020.0,0.84,12.49,6.55,,1.94,,,,1.0,72.0,74.0,,,0.04,,,4.88
TATASTEEL,2021.0,5.24,19.52,6.55,,4.03,,,,6.0,72.0,40.0,,,8.92,,,17.43
TATASTEEL,2022.0,17.11,26.02,6.55,,11.86,,,,33.0,72.0,16.0,,,16.79,,,39.71
TATASTEEL,2023.0,3.32,13.27,6.55,,5.38,,,,7.0,72.0,50.0,,,14.58,-14.57,-10.22,22.93
TATASTEEL,2024.0,-2.14,9.71,6.55,,2.16,,,,-4.0,72.0,-101.0,,,7.77,,,10.49
TCS,2013.0,22.35,28.64,0.52,,400.38,,,,36.0,281.0,31.0,,,,,,21.51
TCS,2014.0,23.63,30.75,0.52,,686.92,,,,49.0,281.0,33.0,,,,,,22.1
TCS,2015.0,21.19,25.87,0.52,,271.17,,,,51.0,281.0,78.0,,,,,,21.01
TCS,2016.0,22.4,28.24,0.52,,1023.06,,,,62.0,281.0,35.0,,,,,,21.53
TCS,2017.0,22.34,27.39,0.52,,1141.62,,,,67.0,281.0,35.0,,,,,,21.47
TCS,2018.0,21.02,26.41,0.52,,695.35,,,,67.0,281.0,37.0,,,14.34,12.95,13.23,38.5
TCS,2019.0,21.55,26.97,0.52,,221.3,,,,84.0,281.0,36.0,,,12.35,10.3,11.38,36.18
TCS,2020.0,20.67,26.83,0.52,,50.54,,,,86.0,281.0,85.0,,,10.64,10.1,11.02,33.45
TCS,2021.0,19.83,28.35,0.52,,76.08,,,,88.0,281.0,43.0,,,8.61,5.99,7.26,29.64
TCS,2022.0,20.05,27.67,0.52,,72.8,,,,105.0,281.0,41.0,,,10.2,7.84,9.4,32.38
TCS,2023.0,18.76,26.28,0.52,,80.5,,,,115.0,281.0,100.0,,,12.86,10.33,11.41,35.43
TCS,2024.0,19.14,26.69,0.52,,87.1,,,,127.0,281.0,58.0,,,10.46,7.87,8.62,32.15
TECHM,2013.0,19.02,20.69,8.63,,12.44,,,,25.0,270.0,5.0,,,,,,23.64
TECHM,2014.0,16.29,22.19,8.63,,55.2,,,,32.0,270.0,15.0,,,,,,21.98
TECHM,2015.0,11.75,18.54,8.63,,62.3,,,,27.0,270.0,22.0,,,,,,16.84
TECHM,2016.0,11.43,16.08,8.63,,48.59,,,,31.0,270.0,35.0,,,,,,16.52
TECHM,2017.0,9.78,14.36,8.63,,38.44,,,,29.0,270.0,28.0,,,,,,14.94
TECHM,2018.0,12.3,15.31,8.63,,37.82,,,,39.0,270.0,33.0,,,34.96,23.7,9.3,42.07
TECHM,2019.0,12.35,18.05,8.63,,51.17,,,,44.0,270.0,29.0,,,13.07,6.97,6.58,33.65
TECHM,2020.0,10.57,14.93,8.63,,34.87,,,,42.0,270.0,32.0,,,10.26,7.94,9.24,27.78
TECHM,2021.0,11.5,17.95,8.63,,43.59,,,,46.0,270.0,89.0,,,7.4,7.54,8.21,24.48
TECHM,2022.0,12.61,17.96,8.63,,56.04,,,,57.0,270.0,47.0,,,8.91,14.58,14.47,27.95
TECHM,2023.0,9.11,14.57,8.63,,26.77,,,,50.0,270.0,91.0,,,11.61,5.11,5.09,28.2
TECHM,2024.0,4.61,8.67,8.63,,13.86,,,,24.0,270.0,150.0,,,8.4,-10.99,-11.42,18.41
TITAN,2013.0,7.16,10.02,32.9,,21.82,,,,8.0,110.0,26.0,,,,,,34.91
TITAN,2014.0,6.73,9.58,32.9,,13.38,,,,8.0,110.0,25.0,,,,,,34.25
TITAN,2015.0,6.85,9.68,32.9,,15.06,,,,9.0,110.0,25.0,,,,,,34.44
TITAN,2016.0,5.99,8.33,32.9,,24.0,,,,8.0,110.0,29.0,,,,,,33.72
TITAN,2017.0,5.26,8.78,32.9,,29.53,,,,8.0,110.0,32.0,,,,,,33.07
TITAN,2018.0,6.84,10.2,32.9,,32.34,,,,13.0,110.0,29.0,,,9.75,8.73,10.2,45.45
TITAN,2019.0,7.02,10.08,32.9,,40.98,,,,16.0,110.0,32.0,,,12.6,13.58,14.87,49.96
TITAN,2020.0,7.09,11.7,32.9,,15.76,,,,17.0,110.0,24.0,,,12.06,12.84,13.56,49.42
TITAN,2021.0,4.5,7.97,32.9,,9.38,,,,11.0,110.0,37.0,,,13.93,7.61,6.58,48.95
TITAN,2022.0,7.63,11.61,32.9,,16.15,,,,24.0,110.0,31.0,,,16.78,25.82,24.57,55.1
TITAN,2023.0,8.07,12.03,32.9,,17.29,,,,37.0,110.0,27.0,,,20.28,24.33,23.27,58.18
TITAN,2024.0,6.84,10.36,32.9,,9.41,,,,39.0,110.0,28.0,,,20.9,20.27,19.51,56.92
TORNTPHARM,2013.0,13.58,21.76,24.2,,20.53,,,,13.0,222.0,45.0,,,,,,38.31
TORNTPHARM,2014.0,15.92,22.89,24.2,,16.76,,,,20.0,222.0,25.0,,,,,,41.02
TORNTPHARM,2015.0,16.2,22.0,24.2,,7.46,,,,22.0,222.0,25.0,,,,,,41.28
TORNTPHARM,2016.0,25.92,40.87,24.2,,15.03,,,,51.0,222.0,34.0,,,,,,45.93
TORNTPHARM,2017.0,16.06,23.68,24.2,,7.77,,,,28.0,222.0,25.0,,,,,,41.16
TORNTPHARM,2018.0,11.39,22.67,24.2,,5.35,,,,20.0,222.0,35.0,,,13.19,9.28,9.0,52.06
TORNTPHARM,2019.0,5.68,25.84,24.2,,3.34,,,,13.0,222.0,66.0,,,12.96,-8.07,-8.25,45.69
TORNTPHARM,2020.0,12.91,27.33,24.2,,5.08,,,,30.0,222.0,53.0,,,11.36,6.42,6.4,51.43
TORNTPHARM,2021.0,15.64,30.98,24.2,,7.19,,,,37.0,222.0,47.0,,,3.66,-6.3,-6.22,44.58
TORNTPHARM,2022.0,9.13,28.57,24.2,,8.4,,,,23.0,222.0,105.0,,,7.9,-3.61,-3.86,42.11
TORNTPHARM,2023.0,12.94,29.54,24.2,,8.67,,,,37.0,222.0,60.0,,,10.09,12.92,13.09,49.48
TORNTPHARM,2024.0,15.44,31.39,24.2,,9.93,,,,49.0,222.0,57.0,,,6.93,30.59,30.39,47.88
TRENT,2013.0,-1.27,0.23,27.2,,2.17,,,,-1.0,132.0,-87.0,,,,,,26.38
TRENT,2014.0,-0.81,-0.43,27.2,,3.12,,,,-1.0,132.0,-125.0,,,,,,26.45
TRENT,2015.0,5.65,3.85,27.2,,13.45,,,,4.0,132.0,26.0,,,,,,31.67
TRENT,2016.0,3.26,5.34,27.2,,3.67,,,,2.0,132.0,54.0,,,,,,28.99
TRENT,2017.0,4.69,7.4,27.2,,4.67,,,,3.0,132.0,39.0,,,,,,30.66
TRENT,2018.0,4.03,9.64,27.2,,5.34,,,,3.0,132.0,44.0,,,0.23,,,31.85
TRENT,2019.0,3.61,9.16,27.2,,5.31,,,,3.0,132.0,45.0,,,2.43,,,32.78
TRENT,2020.0,3.04,15.17,27.2,,2.57,,,,3.0,132.0,29.0,,,8.82,-3.85,-5.59,38.64
TRENT,2021.0,-6.98,4.4,27.2,,1.2,,,,-4.0,132.0,-15.0,,,8.99,,,35.96
TRENT,2022.0,0.78,13.23,27.2,,2.3,,,,3.0,132.0,57.0,,,19.94,-16.26,0.0,48.95
TRENT,2023.0,4.78,13.52,27.2,,3.56,,,,13.0,132.0,18.0,,,30.75,35.27,34.08,54.97
TRENT,2024.0,11.94,15.93,27.2,,8.04,,,,42.0,132.0,8.0,,,36.31,73.11,69.52,63.09
TVSMOTOR,2013.0,2.64,5.83,,,5.51,,,,4.0,,30.0,,,,,,3.07
TVSMOTOR,2014.0,2.23,5.87,,,6.7,,,,4.0,,37.0,,,,,,2.81
TVSMOTOR,2015.0,3.2,5.9,,,11.05,,,,7.0,,28.0,,,,,,3.66
TVSMOTOR,2016.0,3.77,7.2,,,13.03,,,,9.0,,28.0,,,,,,4.39
TVSMOTOR,2017.0,4.08,6.99,,,17.23,,,,11.0,,23.0,,,,,,4.62
TVSMOTOR,2018.0,4.07,9.61,,,4.86,,,,14.0,,24.0,,,16.82,27.42,28.47,24.38
TVSMOTOR,2019.0,3.6,10.73,,,3.3,,,,15.0,,24.0,,,19.18,31.13,30.26,25.74
TVSMOTOR,2020.0,3.43,12.01,,,2.66,,,,13.0,,27.0,,,12.94,14.55,13.18,19.85
TVSMOTOR,2021.0,3.13,11.49,,,2.57,,,,13.0,,28.0,,,11.29,7.22,7.63,17.27
TVSMOTOR,2022.0,3.0,11.31,,,2.93,,,,16.0,,24.0,,,14.34,7.51,7.78,21.0
TVSMOTOR,2023.0,4.09,12.59,,,3.04,,,,28.0,,18.0,,,14.37,14.5,14.87,22.29
TVSMOTOR,2024.0,4.54,14.05,,,2.91,,,,36.0,,23.0,,,14.19,19.67,19.14,22.56
